<?xml version="1.0" encoding="UTF-8" standalone="no"?>
<!-- Automatically built by the EDMC infrastructure -->
<catalog xmlns="urn:oasis:names:tc:entity:xmlns:xml:catalog" prefer="public">
    <uri name="https://spec.edmcouncil.org/fibo/ontology/AboutFIBODev/" uri="../AboutFIBODev.rdf"/>
    <uri name="https://spec.edmcouncil.org/fibo/ontology/master/2021Q2/AboutFIBODev/" uri="../AboutFIBODev.rdf"/>
    <uri name="https://spec.edmcouncil.org/fibo/ontology/AboutFIBOProd/" uri="../AboutFIBOProd.rdf"/>
    <uri name="https://spec.edmcouncil.org/fibo/ontology/master/2021Q2/AboutFIBOProd/" uri="../AboutFIBOProd.rdf"/>
    <uri name="https://spec.edmcouncil.org/fibo/ontology/BE/AllBE-Europe/" uri="../BE/AllBE-Europe.rdf"/>
    <uri name="https://spec.edmcouncil.org/fibo/ontology/master/2021Q2/BE/AllBE-Europe/" uri="../BE/AllBE-Europe.rdf"/>
    <uri name="https://spec.edmcouncil.org/fibo/ontology/BE/AllBE-ExampleIndividuals/" uri="../BE/AllBE-ExampleIndividuals.rdf"/>
    <uri name="https://spec.edmcouncil.org/fibo/ontology/master/2021Q2/BE/AllBE-ExampleIndividuals/" uri="../BE/AllBE-ExampleIndividuals.rdf"/>
    <uri name="https://spec.edmcouncil.org/fibo/ontology/BE/AllBE-NorthAmerica/" uri="../BE/AllBE-NorthAmerica.rdf"/>
    <uri name="https://spec.edmcouncil.org/fibo/ontology/master/2021Q2/BE/AllBE-NorthAmerica/" uri="../BE/AllBE-NorthAmerica.rdf"/>
    <uri name="https://spec.edmcouncil.org/fibo/ontology/BE/AllBE-NorthAmericanExamples/" uri="../BE/AllBE-NorthAmericanExamples.rdf"/>
    <uri name="https://spec.edmcouncil.org/fibo/ontology/master/2021Q2/BE/AllBE-NorthAmericanExamples/" uri="../BE/AllBE-NorthAmericanExamples.rdf"/>
    <uri name="https://spec.edmcouncil.org/fibo/ontology/BE/AllBE-ReferenceIndividuals/" uri="../BE/AllBE-ReferenceIndividuals.rdf"/>
    <uri name="https://spec.edmcouncil.org/fibo/ontology/master/2021Q2/BE/AllBE-ReferenceIndividuals/" uri="../BE/AllBE-ReferenceIndividuals.rdf"/>
    <uri name="https://spec.edmcouncil.org/fibo/ontology/BE/AllBE/" uri="../BE/AllBE.rdf"/>
    <uri name="https://spec.edmcouncil.org/fibo/ontology/master/2021Q2/BE/AllBE/" uri="../BE/AllBE.rdf"/>
    <uri name="https://spec.edmcouncil.org/fibo/ontology/BE/Corporations/Corporations/" uri="../BE/Corporations/Corporations.rdf"/>
    <uri name="https://spec.edmcouncil.org/fibo/ontology/master/2021Q2/BE/Corporations/Corporations/" uri="../BE/Corporations/Corporations.rdf"/>
    <uri name="https://spec.edmcouncil.org/fibo/ontology/BE/Corporations/MetadataBECorporations/" uri="../BE/Corporations/MetadataBECorporations.rdf"/>
    <uri name="https://spec.edmcouncil.org/fibo/ontology/master/2021Q2/BE/Corporations/MetadataBECorporations/" uri="../BE/Corporations/MetadataBECorporations.rdf"/>
    <uri name="https://spec.edmcouncil.org/fibo/ontology/BE/FunctionalEntities/FunctionalEntities/" uri="../BE/FunctionalEntities/FunctionalEntities.rdf"/>
    <uri name="https://spec.edmcouncil.org/fibo/ontology/master/2021Q2/BE/FunctionalEntities/FunctionalEntities/" uri="../BE/FunctionalEntities/FunctionalEntities.rdf"/>
    <uri name="https://spec.edmcouncil.org/fibo/ontology/BE/FunctionalEntities/MetadataBEFunctionalEntities/" uri="../BE/FunctionalEntities/MetadataBEFunctionalEntities.rdf"/>
    <uri name="https://spec.edmcouncil.org/fibo/ontology/master/2021Q2/BE/FunctionalEntities/MetadataBEFunctionalEntities/" uri="../BE/FunctionalEntities/MetadataBEFunctionalEntities.rdf"/>
    <uri name="https://spec.edmcouncil.org/fibo/ontology/BE/FunctionalEntities/Publishers/" uri="../BE/FunctionalEntities/Publishers.rdf"/>
    <uri name="https://spec.edmcouncil.org/fibo/ontology/master/2021Q2/BE/FunctionalEntities/Publishers/" uri="../BE/FunctionalEntities/Publishers.rdf"/>
    <uri name="https://spec.edmcouncil.org/fibo/ontology/BE/GovernmentEntities/AsianJurisdiction/CentralAsiaGovernmentEntitiesAndJurisdictions/" uri="../BE/GovernmentEntities/AsianJurisdiction/CentralAsiaGovernmentEntitiesAndJurisdictions.rdf"/>
    <uri name="https://spec.edmcouncil.org/fibo/ontology/master/2021Q2/BE/GovernmentEntities/AsianJurisdiction/CentralAsiaGovernmentEntitiesAndJurisdictions/" uri="../BE/GovernmentEntities/AsianJurisdiction/CentralAsiaGovernmentEntitiesAndJurisdictions.rdf"/>
    <uri name="https://spec.edmcouncil.org/fibo/ontology/BE/GovernmentEntities/AsianJurisdiction/EasternAsiaGovernmentEntitiesAndJurisdictions/" uri="../BE/GovernmentEntities/AsianJurisdiction/EasternAsiaGovernmentEntitiesAndJurisdictions.rdf"/>
    <uri name="https://spec.edmcouncil.org/fibo/ontology/master/2021Q2/BE/GovernmentEntities/AsianJurisdiction/EasternAsiaGovernmentEntitiesAndJurisdictions/" uri="../BE/GovernmentEntities/AsianJurisdiction/EasternAsiaGovernmentEntitiesAndJurisdictions.rdf"/>
    <uri name="https://spec.edmcouncil.org/fibo/ontology/BE/GovernmentEntities/AsianJurisdiction/SoutheasternAsiaGovernmentEntitiesAndJurisdictions/" uri="../BE/GovernmentEntities/AsianJurisdiction/SoutheasternAsiaGovernmentEntitiesAndJurisdictions.rdf"/>
    <uri name="https://spec.edmcouncil.org/fibo/ontology/master/2021Q2/BE/GovernmentEntities/AsianJurisdiction/SoutheasternAsiaGovernmentEntitiesAndJurisdictions/" uri="../BE/GovernmentEntities/AsianJurisdiction/SoutheasternAsiaGovernmentEntitiesAndJurisdictions.rdf"/>
    <uri name="https://spec.edmcouncil.org/fibo/ontology/BE/GovernmentEntities/AsianJurisdiction/SouthernAsiaGovernmentEntitiesAndJurisdictions/" uri="../BE/GovernmentEntities/AsianJurisdiction/SouthernAsiaGovernmentEntitiesAndJurisdictions.rdf"/>
    <uri name="https://spec.edmcouncil.org/fibo/ontology/master/2021Q2/BE/GovernmentEntities/AsianJurisdiction/SouthernAsiaGovernmentEntitiesAndJurisdictions/" uri="../BE/GovernmentEntities/AsianJurisdiction/SouthernAsiaGovernmentEntitiesAndJurisdictions.rdf"/>
    <uri name="https://spec.edmcouncil.org/fibo/ontology/BE/GovernmentEntities/AsianJurisdiction/WesternAsiaGovernmentEntitiesAndJurisdictions/" uri="../BE/GovernmentEntities/AsianJurisdiction/WesternAsiaGovernmentEntitiesAndJurisdictions.rdf"/>
    <uri name="https://spec.edmcouncil.org/fibo/ontology/master/2021Q2/BE/GovernmentEntities/AsianJurisdiction/WesternAsiaGovernmentEntitiesAndJurisdictions/" uri="../BE/GovernmentEntities/AsianJurisdiction/WesternAsiaGovernmentEntitiesAndJurisdictions.rdf"/>
    <uri name="https://spec.edmcouncil.org/fibo/ontology/BE/GovernmentEntities/EuropeanJurisdiction/EUGovernmentEntitiesAndJurisdictions/" uri="../BE/GovernmentEntities/EuropeanJurisdiction/EUGovernmentEntitiesAndJurisdictions.rdf"/>
    <uri name="https://spec.edmcouncil.org/fibo/ontology/master/2021Q2/BE/GovernmentEntities/EuropeanJurisdiction/EUGovernmentEntitiesAndJurisdictions/" uri="../BE/GovernmentEntities/EuropeanJurisdiction/EUGovernmentEntitiesAndJurisdictions.rdf"/>
    <uri name="https://spec.edmcouncil.org/fibo/ontology/BE/GovernmentEntities/EuropeanJurisdiction/EasternEuropeGovernmentEntitiesAndJurisdictions/" uri="../BE/GovernmentEntities/EuropeanJurisdiction/EasternEuropeGovernmentEntitiesAndJurisdictions.rdf"/>
    <uri name="https://spec.edmcouncil.org/fibo/ontology/master/2021Q2/BE/GovernmentEntities/EuropeanJurisdiction/EasternEuropeGovernmentEntitiesAndJurisdictions/" uri="../BE/GovernmentEntities/EuropeanJurisdiction/EasternEuropeGovernmentEntitiesAndJurisdictions.rdf"/>
    <uri name="https://spec.edmcouncil.org/fibo/ontology/BE/GovernmentEntities/EuropeanJurisdiction/NorthernEuropeGovernmentEntitiesAndJurisdictions/" uri="../BE/GovernmentEntities/EuropeanJurisdiction/NorthernEuropeGovernmentEntitiesAndJurisdictions.rdf"/>
    <uri name="https://spec.edmcouncil.org/fibo/ontology/master/2021Q2/BE/GovernmentEntities/EuropeanJurisdiction/NorthernEuropeGovernmentEntitiesAndJurisdictions/" uri="../BE/GovernmentEntities/EuropeanJurisdiction/NorthernEuropeGovernmentEntitiesAndJurisdictions.rdf"/>
    <uri name="https://spec.edmcouncil.org/fibo/ontology/BE/GovernmentEntities/EuropeanJurisdiction/SouthernEuropeGovernmentEntitiesAndJurisdictions/" uri="../BE/GovernmentEntities/EuropeanJurisdiction/SouthernEuropeGovernmentEntitiesAndJurisdictions.rdf"/>
    <uri name="https://spec.edmcouncil.org/fibo/ontology/master/2021Q2/BE/GovernmentEntities/EuropeanJurisdiction/SouthernEuropeGovernmentEntitiesAndJurisdictions/" uri="../BE/GovernmentEntities/EuropeanJurisdiction/SouthernEuropeGovernmentEntitiesAndJurisdictions.rdf"/>
    <uri name="https://spec.edmcouncil.org/fibo/ontology/BE/GovernmentEntities/EuropeanJurisdiction/UKGovernmentEntitiesAndJurisdictions/" uri="../BE/GovernmentEntities/EuropeanJurisdiction/UKGovernmentEntitiesAndJurisdictions.rdf"/>
    <uri name="https://spec.edmcouncil.org/fibo/ontology/master/2021Q2/BE/GovernmentEntities/EuropeanJurisdiction/UKGovernmentEntitiesAndJurisdictions/" uri="../BE/GovernmentEntities/EuropeanJurisdiction/UKGovernmentEntitiesAndJurisdictions.rdf"/>
    <uri name="https://spec.edmcouncil.org/fibo/ontology/BE/GovernmentEntities/EuropeanJurisdiction/WesternEuropeGovernmentEntitiesAndJurisdictions/" uri="../BE/GovernmentEntities/EuropeanJurisdiction/WesternEuropeGovernmentEntitiesAndJurisdictions.rdf"/>
    <uri name="https://spec.edmcouncil.org/fibo/ontology/master/2021Q2/BE/GovernmentEntities/EuropeanJurisdiction/WesternEuropeGovernmentEntitiesAndJurisdictions/" uri="../BE/GovernmentEntities/EuropeanJurisdiction/WesternEuropeGovernmentEntitiesAndJurisdictions.rdf"/>
    <uri name="https://spec.edmcouncil.org/fibo/ontology/BE/GovernmentEntities/GovernmentEntities/" uri="../BE/GovernmentEntities/GovernmentEntities.rdf"/>
    <uri name="https://spec.edmcouncil.org/fibo/ontology/master/2021Q2/BE/GovernmentEntities/GovernmentEntities/" uri="../BE/GovernmentEntities/GovernmentEntities.rdf"/>
    <uri name="https://spec.edmcouncil.org/fibo/ontology/BE/GovernmentEntities/LatinAmericanJurisdiction/CentralAmericanGovernmentEntitiesAndJurisdictions/" uri="../BE/GovernmentEntities/LatinAmericanJurisdiction/CentralAmericanGovernmentEntitiesAndJurisdictions.rdf"/>
    <uri name="https://spec.edmcouncil.org/fibo/ontology/master/2021Q2/BE/GovernmentEntities/LatinAmericanJurisdiction/CentralAmericanGovernmentEntitiesAndJurisdictions/" uri="../BE/GovernmentEntities/LatinAmericanJurisdiction/CentralAmericanGovernmentEntitiesAndJurisdictions.rdf"/>
    <uri name="https://spec.edmcouncil.org/fibo/ontology/BE/GovernmentEntities/LatinAmericanJurisdiction/SouthAmericanGovernmentEntitiesAndJurisdictions/" uri="../BE/GovernmentEntities/LatinAmericanJurisdiction/SouthAmericanGovernmentEntitiesAndJurisdictions.rdf"/>
    <uri name="https://spec.edmcouncil.org/fibo/ontology/master/2021Q2/BE/GovernmentEntities/LatinAmericanJurisdiction/SouthAmericanGovernmentEntitiesAndJurisdictions/" uri="../BE/GovernmentEntities/LatinAmericanJurisdiction/SouthAmericanGovernmentEntitiesAndJurisdictions.rdf"/>
    <uri name="https://spec.edmcouncil.org/fibo/ontology/BE/GovernmentEntities/MetadataBEGovernmentEntities/" uri="../BE/GovernmentEntities/MetadataBEGovernmentEntities.rdf"/>
    <uri name="https://spec.edmcouncil.org/fibo/ontology/master/2021Q2/BE/GovernmentEntities/MetadataBEGovernmentEntities/" uri="../BE/GovernmentEntities/MetadataBEGovernmentEntities.rdf"/>
    <uri name="https://spec.edmcouncil.org/fibo/ontology/BE/GovernmentEntities/NorthAmericanJurisdiction/CAGovernmentEntitiesAndJurisdictions/" uri="../BE/GovernmentEntities/NorthAmericanJurisdiction/CAGovernmentEntitiesAndJurisdictions.rdf"/>
    <uri name="https://spec.edmcouncil.org/fibo/ontology/master/2021Q2/BE/GovernmentEntities/NorthAmericanJurisdiction/CAGovernmentEntitiesAndJurisdictions/" uri="../BE/GovernmentEntities/NorthAmericanJurisdiction/CAGovernmentEntitiesAndJurisdictions.rdf"/>
    <uri name="https://spec.edmcouncil.org/fibo/ontology/BE/GovernmentEntities/NorthAmericanJurisdiction/CaribbeanGovernmentEntitiesAndJurisdictions/" uri="../BE/GovernmentEntities/NorthAmericanJurisdiction/CaribbeanGovernmentEntitiesAndJurisdictions.rdf"/>
    <uri name="https://spec.edmcouncil.org/fibo/ontology/master/2021Q2/BE/GovernmentEntities/NorthAmericanJurisdiction/CaribbeanGovernmentEntitiesAndJurisdictions/" uri="../BE/GovernmentEntities/NorthAmericanJurisdiction/CaribbeanGovernmentEntitiesAndJurisdictions.rdf"/>
    <uri name="https://spec.edmcouncil.org/fibo/ontology/BE/GovernmentEntities/NorthAmericanJurisdiction/MXGovernmentEntitiesAndJurisdictions/" uri="../BE/GovernmentEntities/NorthAmericanJurisdiction/MXGovernmentEntitiesAndJurisdictions.rdf"/>
    <uri name="https://spec.edmcouncil.org/fibo/ontology/master/2021Q2/BE/GovernmentEntities/NorthAmericanJurisdiction/MXGovernmentEntitiesAndJurisdictions/" uri="../BE/GovernmentEntities/NorthAmericanJurisdiction/MXGovernmentEntitiesAndJurisdictions.rdf"/>
    <uri name="https://spec.edmcouncil.org/fibo/ontology/BE/GovernmentEntities/NorthAmericanJurisdiction/USGovernmentEntitiesAndJurisdictions/" uri="../BE/GovernmentEntities/NorthAmericanJurisdiction/USGovernmentEntitiesAndJurisdictions.rdf"/>
    <uri name="https://spec.edmcouncil.org/fibo/ontology/master/2021Q2/BE/GovernmentEntities/NorthAmericanJurisdiction/USGovernmentEntitiesAndJurisdictions/" uri="../BE/GovernmentEntities/NorthAmericanJurisdiction/USGovernmentEntitiesAndJurisdictions.rdf"/>
    <uri name="https://spec.edmcouncil.org/fibo/ontology/BE/LegalEntities/CorporateBodies/" uri="../BE/LegalEntities/CorporateBodies.rdf"/>
    <uri name="https://spec.edmcouncil.org/fibo/ontology/master/2021Q2/BE/LegalEntities/CorporateBodies/" uri="../BE/LegalEntities/CorporateBodies.rdf"/>
    <uri name="https://spec.edmcouncil.org/fibo/ontology/BE/LegalEntities/FormalBusinessOrganizations/" uri="../BE/LegalEntities/FormalBusinessOrganizations.rdf"/>
    <uri name="https://spec.edmcouncil.org/fibo/ontology/master/2021Q2/BE/LegalEntities/FormalBusinessOrganizations/" uri="../BE/LegalEntities/FormalBusinessOrganizations.rdf"/>
    <uri name="https://spec.edmcouncil.org/fibo/ontology/BE/LegalEntities/LEIEntities/" uri="../BE/LegalEntities/LEIEntities.rdf"/>
    <uri name="https://spec.edmcouncil.org/fibo/ontology/master/2021Q2/BE/LegalEntities/LEIEntities/" uri="../BE/LegalEntities/LEIEntities.rdf"/>
    <uri name="https://spec.edmcouncil.org/fibo/ontology/BE/LegalEntities/LegalPersons/" uri="../BE/LegalEntities/LegalPersons.rdf"/>
    <uri name="https://spec.edmcouncil.org/fibo/ontology/master/2021Q2/BE/LegalEntities/LegalPersons/" uri="../BE/LegalEntities/LegalPersons.rdf"/>
    <uri name="https://spec.edmcouncil.org/fibo/ontology/BE/LegalEntities/MetadataBELegalEntities/" uri="../BE/LegalEntities/MetadataBELegalEntities.rdf"/>
    <uri name="https://spec.edmcouncil.org/fibo/ontology/master/2021Q2/BE/LegalEntities/MetadataBELegalEntities/" uri="../BE/LegalEntities/MetadataBELegalEntities.rdf"/>
    <uri name="https://spec.edmcouncil.org/fibo/ontology/BE/LegalEntities/NorthAmericanEntities/USExampleEntities/" uri="../BE/LegalEntities/NorthAmericanEntities/USExampleEntities.rdf"/>
    <uri name="https://spec.edmcouncil.org/fibo/ontology/master/2021Q2/BE/LegalEntities/NorthAmericanEntities/USExampleEntities/" uri="../BE/LegalEntities/NorthAmericanEntities/USExampleEntities.rdf"/>
    <uri name="https://spec.edmcouncil.org/fibo/ontology/BE/MetadataBE/" uri="../BE/MetadataBE.rdf"/>
    <uri name="https://spec.edmcouncil.org/fibo/ontology/master/2021Q2/BE/MetadataBE/" uri="../BE/MetadataBE.rdf"/>
    <uri name="https://spec.edmcouncil.org/fibo/ontology/BE/OwnershipAndControl/ControlParties/" uri="../BE/OwnershipAndControl/ControlParties.rdf"/>
    <uri name="https://spec.edmcouncil.org/fibo/ontology/master/2021Q2/BE/OwnershipAndControl/ControlParties/" uri="../BE/OwnershipAndControl/ControlParties.rdf"/>
    <uri name="https://spec.edmcouncil.org/fibo/ontology/BE/OwnershipAndControl/CorporateControl/" uri="../BE/OwnershipAndControl/CorporateControl.rdf"/>
    <uri name="https://spec.edmcouncil.org/fibo/ontology/master/2021Q2/BE/OwnershipAndControl/CorporateControl/" uri="../BE/OwnershipAndControl/CorporateControl.rdf"/>
    <uri name="https://spec.edmcouncil.org/fibo/ontology/BE/OwnershipAndControl/CorporateOwnership/" uri="../BE/OwnershipAndControl/CorporateOwnership.rdf"/>
    <uri name="https://spec.edmcouncil.org/fibo/ontology/master/2021Q2/BE/OwnershipAndControl/CorporateOwnership/" uri="../BE/OwnershipAndControl/CorporateOwnership.rdf"/>
    <uri name="https://spec.edmcouncil.org/fibo/ontology/BE/OwnershipAndControl/Executives/" uri="../BE/OwnershipAndControl/Executives.rdf"/>
    <uri name="https://spec.edmcouncil.org/fibo/ontology/master/2021Q2/BE/OwnershipAndControl/Executives/" uri="../BE/OwnershipAndControl/Executives.rdf"/>
    <uri name="https://spec.edmcouncil.org/fibo/ontology/BE/OwnershipAndControl/MetadataBEOwnershipAndControl/" uri="../BE/OwnershipAndControl/MetadataBEOwnershipAndControl.rdf"/>
    <uri name="https://spec.edmcouncil.org/fibo/ontology/master/2021Q2/BE/OwnershipAndControl/MetadataBEOwnershipAndControl/" uri="../BE/OwnershipAndControl/MetadataBEOwnershipAndControl.rdf"/>
    <uri name="https://spec.edmcouncil.org/fibo/ontology/BE/OwnershipAndControl/OwnershipParties/" uri="../BE/OwnershipAndControl/OwnershipParties.rdf"/>
    <uri name="https://spec.edmcouncil.org/fibo/ontology/master/2021Q2/BE/OwnershipAndControl/OwnershipParties/" uri="../BE/OwnershipAndControl/OwnershipParties.rdf"/>
    <uri name="https://spec.edmcouncil.org/fibo/ontology/BE/Partnerships/MetadataBEPartnerships/" uri="../BE/Partnerships/MetadataBEPartnerships.rdf"/>
    <uri name="https://spec.edmcouncil.org/fibo/ontology/master/2021Q2/BE/Partnerships/MetadataBEPartnerships/" uri="../BE/Partnerships/MetadataBEPartnerships.rdf"/>
    <uri name="https://spec.edmcouncil.org/fibo/ontology/BE/Partnerships/Partnerships/" uri="../BE/Partnerships/Partnerships.rdf"/>
    <uri name="https://spec.edmcouncil.org/fibo/ontology/master/2021Q2/BE/Partnerships/Partnerships/" uri="../BE/Partnerships/Partnerships.rdf"/>
    <uri name="https://spec.edmcouncil.org/fibo/ontology/BE/PrivateLimitedCompanies/MetadataBEPrivateLimitedCompanies/" uri="../BE/PrivateLimitedCompanies/MetadataBEPrivateLimitedCompanies.rdf"/>
    <uri name="https://spec.edmcouncil.org/fibo/ontology/master/2021Q2/BE/PrivateLimitedCompanies/MetadataBEPrivateLimitedCompanies/" uri="../BE/PrivateLimitedCompanies/MetadataBEPrivateLimitedCompanies.rdf"/>
    <uri name="https://spec.edmcouncil.org/fibo/ontology/BE/PrivateLimitedCompanies/PrivateLimitedCompanies/" uri="../BE/PrivateLimitedCompanies/PrivateLimitedCompanies.rdf"/>
    <uri name="https://spec.edmcouncil.org/fibo/ontology/master/2021Q2/BE/PrivateLimitedCompanies/PrivateLimitedCompanies/" uri="../BE/PrivateLimitedCompanies/PrivateLimitedCompanies.rdf"/>
    <uri name="https://spec.edmcouncil.org/fibo/ontology/BE/SoleProprietorships/MetadataBESoleProprietorships/" uri="../BE/SoleProprietorships/MetadataBESoleProprietorships.rdf"/>
    <uri name="https://spec.edmcouncil.org/fibo/ontology/master/2021Q2/BE/SoleProprietorships/MetadataBESoleProprietorships/" uri="../BE/SoleProprietorships/MetadataBESoleProprietorships.rdf"/>
    <uri name="https://spec.edmcouncil.org/fibo/ontology/BE/SoleProprietorships/SoleProprietorships/" uri="../BE/SoleProprietorships/SoleProprietorships.rdf"/>
    <uri name="https://spec.edmcouncil.org/fibo/ontology/master/2021Q2/BE/SoleProprietorships/SoleProprietorships/" uri="../BE/SoleProprietorships/SoleProprietorships.rdf"/>
    <uri name="https://spec.edmcouncil.org/fibo/ontology/BE/Trusts/MetadataBETrusts/" uri="../BE/Trusts/MetadataBETrusts.rdf"/>
    <uri name="https://spec.edmcouncil.org/fibo/ontology/master/2021Q2/BE/Trusts/MetadataBETrusts/" uri="../BE/Trusts/MetadataBETrusts.rdf"/>
    <uri name="https://spec.edmcouncil.org/fibo/ontology/BE/Trusts/Trusts/" uri="../BE/Trusts/Trusts.rdf"/>
    <uri name="https://spec.edmcouncil.org/fibo/ontology/master/2021Q2/BE/Trusts/Trusts/" uri="../BE/Trusts/Trusts.rdf"/>
    <uri name="https://spec.edmcouncil.org/fibo/ontology/BP/MetadataBP/" uri="../BP/MetadataBP.rdf"/>
    <uri name="https://spec.edmcouncil.org/fibo/ontology/master/2021Q2/BP/MetadataBP/" uri="../BP/MetadataBP.rdf"/>
    <uri name="https://spec.edmcouncil.org/fibo/ontology/BP/Process/FinancialContextAndProcess/" uri="../BP/Process/FinancialContextAndProcess.rdf"/>
    <uri name="https://spec.edmcouncil.org/fibo/ontology/master/2021Q2/BP/Process/FinancialContextAndProcess/" uri="../BP/Process/FinancialContextAndProcess.rdf"/>
    <uri name="https://spec.edmcouncil.org/fibo/ontology/BP/Process/MetadataBPProcess/" uri="../BP/Process/MetadataBPProcess.rdf"/>
    <uri name="https://spec.edmcouncil.org/fibo/ontology/master/2021Q2/BP/Process/MetadataBPProcess/" uri="../BP/Process/MetadataBPProcess.rdf"/>
    <uri name="https://spec.edmcouncil.org/fibo/ontology/BP/SecuritiesIssuance/AgencyMBSIssuance/" uri="../BP/SecuritiesIssuance/AgencyMBSIssuance.rdf"/>
    <uri name="https://spec.edmcouncil.org/fibo/ontology/master/2021Q2/BP/SecuritiesIssuance/AgencyMBSIssuance/" uri="../BP/SecuritiesIssuance/AgencyMBSIssuance.rdf"/>
    <uri name="https://spec.edmcouncil.org/fibo/ontology/BP/SecuritiesIssuance/DebtIssuance/" uri="../BP/SecuritiesIssuance/DebtIssuance.rdf"/>
    <uri name="https://spec.edmcouncil.org/fibo/ontology/master/2021Q2/BP/SecuritiesIssuance/DebtIssuance/" uri="../BP/SecuritiesIssuance/DebtIssuance.rdf"/>
    <uri name="https://spec.edmcouncil.org/fibo/ontology/BP/SecuritiesIssuance/EquitiesIPOIssuance/" uri="../BP/SecuritiesIssuance/EquitiesIPOIssuance.rdf"/>
    <uri name="https://spec.edmcouncil.org/fibo/ontology/master/2021Q2/BP/SecuritiesIssuance/EquitiesIPOIssuance/" uri="../BP/SecuritiesIssuance/EquitiesIPOIssuance.rdf"/>
    <uri name="https://spec.edmcouncil.org/fibo/ontology/BP/SecuritiesIssuance/IssuanceDocuments/" uri="../BP/SecuritiesIssuance/IssuanceDocuments.rdf"/>
    <uri name="https://spec.edmcouncil.org/fibo/ontology/master/2021Q2/BP/SecuritiesIssuance/IssuanceDocuments/" uri="../BP/SecuritiesIssuance/IssuanceDocuments.rdf"/>
    <uri name="https://spec.edmcouncil.org/fibo/ontology/BP/SecuritiesIssuance/IssuanceProcess/" uri="../BP/SecuritiesIssuance/IssuanceProcess.rdf"/>
    <uri name="https://spec.edmcouncil.org/fibo/ontology/master/2021Q2/BP/SecuritiesIssuance/IssuanceProcess/" uri="../BP/SecuritiesIssuance/IssuanceProcess.rdf"/>
    <uri name="https://spec.edmcouncil.org/fibo/ontology/BP/SecuritiesIssuance/MBSIssuance/" uri="../BP/SecuritiesIssuance/MBSIssuance.rdf"/>
    <uri name="https://spec.edmcouncil.org/fibo/ontology/master/2021Q2/BP/SecuritiesIssuance/MBSIssuance/" uri="../BP/SecuritiesIssuance/MBSIssuance.rdf"/>
    <uri name="https://spec.edmcouncil.org/fibo/ontology/BP/SecuritiesIssuance/MetadataBPSecuritiesIssuance/" uri="../BP/SecuritiesIssuance/MetadataBPSecuritiesIssuance.rdf"/>
    <uri name="https://spec.edmcouncil.org/fibo/ontology/master/2021Q2/BP/SecuritiesIssuance/MetadataBPSecuritiesIssuance/" uri="../BP/SecuritiesIssuance/MetadataBPSecuritiesIssuance.rdf"/>
    <uri name="https://spec.edmcouncil.org/fibo/ontology/BP/SecuritiesIssuance/MuniIssuance/" uri="../BP/SecuritiesIssuance/MuniIssuance.rdf"/>
    <uri name="https://spec.edmcouncil.org/fibo/ontology/master/2021Q2/BP/SecuritiesIssuance/MuniIssuance/" uri="../BP/SecuritiesIssuance/MuniIssuance.rdf"/>
    <uri name="https://spec.edmcouncil.org/fibo/ontology/BP/SecuritiesIssuance/PrivateLabelMBSIssuance/" uri="../BP/SecuritiesIssuance/PrivateLabelMBSIssuance.rdf"/>
    <uri name="https://spec.edmcouncil.org/fibo/ontology/master/2021Q2/BP/SecuritiesIssuance/PrivateLabelMBSIssuance/" uri="../BP/SecuritiesIssuance/PrivateLabelMBSIssuance.rdf"/>
    <uri name="https://spec.edmcouncil.org/fibo/ontology/CAE/CorporateEvents/MetadataCAECorporateEvents/" uri="../CAE/CorporateEvents/MetadataCAECorporateEvents.rdf"/>
    <uri name="https://spec.edmcouncil.org/fibo/ontology/master/2021Q2/CAE/CorporateEvents/MetadataCAECorporateEvents/" uri="../CAE/CorporateEvents/MetadataCAECorporateEvents.rdf"/>
    <uri name="https://spec.edmcouncil.org/fibo/ontology/CAE/CorporateEvents/SecurityRelatedCorporateActions/" uri="../CAE/CorporateEvents/SecurityRelatedCorporateActions.rdf"/>
    <uri name="https://spec.edmcouncil.org/fibo/ontology/master/2021Q2/CAE/CorporateEvents/SecurityRelatedCorporateActions/" uri="../CAE/CorporateEvents/SecurityRelatedCorporateActions.rdf"/>
    <uri name="https://spec.edmcouncil.org/fibo/ontology/CAE/MetadataCAE/" uri="../CAE/MetadataCAE.rdf"/>
    <uri name="https://spec.edmcouncil.org/fibo/ontology/master/2021Q2/CAE/MetadataCAE/" uri="../CAE/MetadataCAE.rdf"/>
    <uri name="https://spec.edmcouncil.org/fibo/ontology/DER/AllDER-ExampleIndividuals/" uri="../DER/AllDER-ExampleIndividuals.rdf"/>
    <uri name="https://spec.edmcouncil.org/fibo/ontology/master/2021Q2/DER/AllDER-ExampleIndividuals/" uri="../DER/AllDER-ExampleIndividuals.rdf"/>
    <uri name="https://spec.edmcouncil.org/fibo/ontology/DER/AllDER-ReferenceIndividuals/" uri="../DER/AllDER-ReferenceIndividuals.rdf"/>
    <uri name="https://spec.edmcouncil.org/fibo/ontology/master/2021Q2/DER/AllDER-ReferenceIndividuals/" uri="../DER/AllDER-ReferenceIndividuals.rdf"/>
    <uri name="https://spec.edmcouncil.org/fibo/ontology/DER/AllDER/" uri="../DER/AllDER.rdf"/>
    <uri name="https://spec.edmcouncil.org/fibo/ontology/master/2021Q2/DER/AllDER/" uri="../DER/AllDER.rdf"/>
    <uri name="https://spec.edmcouncil.org/fibo/ontology/DER/CommoditiesDerivatives/CommoditiesContracts/" uri="../DER/CommoditiesDerivatives/CommoditiesContracts.rdf"/>
    <uri name="https://spec.edmcouncil.org/fibo/ontology/master/2021Q2/DER/CommoditiesDerivatives/CommoditiesContracts/" uri="../DER/CommoditiesDerivatives/CommoditiesContracts.rdf"/>
    <uri name="https://spec.edmcouncil.org/fibo/ontology/DER/CommoditiesDerivatives/CommoditySpots/" uri="../DER/CommoditiesDerivatives/CommoditySpots.rdf"/>
    <uri name="https://spec.edmcouncil.org/fibo/ontology/master/2021Q2/DER/CommoditiesDerivatives/CommoditySpots/" uri="../DER/CommoditiesDerivatives/CommoditySpots.rdf"/>
    <uri name="https://spec.edmcouncil.org/fibo/ontology/DER/CommoditiesDerivatives/MetadataDERCommoditiesDerivatives/" uri="../DER/CommoditiesDerivatives/MetadataDERCommoditiesDerivatives.rdf"/>
    <uri name="https://spec.edmcouncil.org/fibo/ontology/master/2021Q2/DER/CommoditiesDerivatives/MetadataDERCommoditiesDerivatives/" uri="../DER/CommoditiesDerivatives/MetadataDERCommoditiesDerivatives.rdf"/>
    <uri name="https://spec.edmcouncil.org/fibo/ontology/DER/CreditDerivatives/CreditDefaultSwaps/" uri="../DER/CreditDerivatives/CreditDefaultSwaps.rdf"/>
    <uri name="https://spec.edmcouncil.org/fibo/ontology/master/2021Q2/DER/CreditDerivatives/CreditDefaultSwaps/" uri="../DER/CreditDerivatives/CreditDefaultSwaps.rdf"/>
    <uri name="https://spec.edmcouncil.org/fibo/ontology/DER/CreditDerivatives/MetadataDERCreditDerivatives/" uri="../DER/CreditDerivatives/MetadataDERCreditDerivatives.rdf"/>
    <uri name="https://spec.edmcouncil.org/fibo/ontology/master/2021Q2/DER/CreditDerivatives/MetadataDERCreditDerivatives/" uri="../DER/CreditDerivatives/MetadataDERCreditDerivatives.rdf"/>
    <uri name="https://spec.edmcouncil.org/fibo/ontology/DER/DerivativesContracts/CurrencyContracts/" uri="../DER/DerivativesContracts/CurrencyContracts.rdf"/>
    <uri name="https://spec.edmcouncil.org/fibo/ontology/master/2021Q2/DER/DerivativesContracts/CurrencyContracts/" uri="../DER/DerivativesContracts/CurrencyContracts.rdf"/>
    <uri name="https://spec.edmcouncil.org/fibo/ontology/DER/DerivativesContracts/DerivativesBasics/" uri="../DER/DerivativesContracts/DerivativesBasics.rdf"/>
    <uri name="https://spec.edmcouncil.org/fibo/ontology/master/2021Q2/DER/DerivativesContracts/DerivativesBasics/" uri="../DER/DerivativesContracts/DerivativesBasics.rdf"/>
    <uri name="https://spec.edmcouncil.org/fibo/ontology/DER/DerivativesContracts/DerivativesMasterAgreements/" uri="../DER/DerivativesContracts/DerivativesMasterAgreements.rdf"/>
    <uri name="https://spec.edmcouncil.org/fibo/ontology/master/2021Q2/DER/DerivativesContracts/DerivativesMasterAgreements/" uri="../DER/DerivativesContracts/DerivativesMasterAgreements.rdf"/>
    <uri name="https://spec.edmcouncil.org/fibo/ontology/DER/DerivativesContracts/ExoticOptions/" uri="../DER/DerivativesContracts/ExoticOptions.rdf"/>
    <uri name="https://spec.edmcouncil.org/fibo/ontology/master/2021Q2/DER/DerivativesContracts/ExoticOptions/" uri="../DER/DerivativesContracts/ExoticOptions.rdf"/>
    <uri name="https://spec.edmcouncil.org/fibo/ontology/DER/DerivativesContracts/FuturesAndForwards/" uri="../DER/DerivativesContracts/FuturesAndForwards.rdf"/>
    <uri name="https://spec.edmcouncil.org/fibo/ontology/master/2021Q2/DER/DerivativesContracts/FuturesAndForwards/" uri="../DER/DerivativesContracts/FuturesAndForwards.rdf"/>
    <uri name="https://spec.edmcouncil.org/fibo/ontology/DER/DerivativesContracts/MetadataDERDerivativesContracts/" uri="../DER/DerivativesContracts/MetadataDERDerivativesContracts.rdf"/>
    <uri name="https://spec.edmcouncil.org/fibo/ontology/master/2021Q2/DER/DerivativesContracts/MetadataDERDerivativesContracts/" uri="../DER/DerivativesContracts/MetadataDERDerivativesContracts.rdf"/>
    <uri name="https://spec.edmcouncil.org/fibo/ontology/DER/DerivativesContracts/Options/" uri="../DER/DerivativesContracts/Options.rdf"/>
    <uri name="https://spec.edmcouncil.org/fibo/ontology/master/2021Q2/DER/DerivativesContracts/Options/" uri="../DER/DerivativesContracts/Options.rdf"/>
    <uri name="https://spec.edmcouncil.org/fibo/ontology/DER/DerivativesContracts/ParticipationNotes/" uri="../DER/DerivativesContracts/ParticipationNotes.rdf"/>
    <uri name="https://spec.edmcouncil.org/fibo/ontology/master/2021Q2/DER/DerivativesContracts/ParticipationNotes/" uri="../DER/DerivativesContracts/ParticipationNotes.rdf"/>
    <uri name="https://spec.edmcouncil.org/fibo/ontology/DER/DerivativesContracts/RightsAndWarrants/" uri="../DER/DerivativesContracts/RightsAndWarrants.rdf"/>
    <uri name="https://spec.edmcouncil.org/fibo/ontology/master/2021Q2/DER/DerivativesContracts/RightsAndWarrants/" uri="../DER/DerivativesContracts/RightsAndWarrants.rdf"/>
    <uri name="https://spec.edmcouncil.org/fibo/ontology/DER/DerivativesContracts/Spots/" uri="../DER/DerivativesContracts/Spots.rdf"/>
    <uri name="https://spec.edmcouncil.org/fibo/ontology/master/2021Q2/DER/DerivativesContracts/Spots/" uri="../DER/DerivativesContracts/Spots.rdf"/>
    <uri name="https://spec.edmcouncil.org/fibo/ontology/DER/DerivativesContracts/Swaps/" uri="../DER/DerivativesContracts/Swaps.rdf"/>
    <uri name="https://spec.edmcouncil.org/fibo/ontology/master/2021Q2/DER/DerivativesContracts/Swaps/" uri="../DER/DerivativesContracts/Swaps.rdf"/>
    <uri name="https://spec.edmcouncil.org/fibo/ontology/DER/DerivativesContracts/SwapsIndividuals/" uri="../DER/DerivativesContracts/SwapsIndividuals.rdf"/>
    <uri name="https://spec.edmcouncil.org/fibo/ontology/master/2021Q2/DER/DerivativesContracts/SwapsIndividuals/" uri="../DER/DerivativesContracts/SwapsIndividuals.rdf"/>
    <uri name="https://spec.edmcouncil.org/fibo/ontology/DER/MetadataDER/" uri="../DER/MetadataDER.rdf"/>
    <uri name="https://spec.edmcouncil.org/fibo/ontology/master/2021Q2/DER/MetadataDER/" uri="../DER/MetadataDER.rdf"/>
    <uri name="https://spec.edmcouncil.org/fibo/ontology/DER/RateDerivatives/IROptions/" uri="../DER/RateDerivatives/IROptions.rdf"/>
    <uri name="https://spec.edmcouncil.org/fibo/ontology/master/2021Q2/DER/RateDerivatives/IROptions/" uri="../DER/RateDerivatives/IROptions.rdf"/>
    <uri name="https://spec.edmcouncil.org/fibo/ontology/DER/RateDerivatives/IRSwapExampleIndividuals/" uri="../DER/RateDerivatives/IRSwapExampleIndividuals.rdf"/>
    <uri name="https://spec.edmcouncil.org/fibo/ontology/master/2021Q2/DER/RateDerivatives/IRSwapExampleIndividuals/" uri="../DER/RateDerivatives/IRSwapExampleIndividuals.rdf"/>
    <uri name="https://spec.edmcouncil.org/fibo/ontology/DER/RateDerivatives/IRSwaps/" uri="../DER/RateDerivatives/IRSwaps.rdf"/>
    <uri name="https://spec.edmcouncil.org/fibo/ontology/master/2021Q2/DER/RateDerivatives/IRSwaps/" uri="../DER/RateDerivatives/IRSwaps.rdf"/>
    <uri name="https://spec.edmcouncil.org/fibo/ontology/DER/RateDerivatives/InflationSwaps/" uri="../DER/RateDerivatives/InflationSwaps.rdf"/>
    <uri name="https://spec.edmcouncil.org/fibo/ontology/master/2021Q2/DER/RateDerivatives/InflationSwaps/" uri="../DER/RateDerivatives/InflationSwaps.rdf"/>
    <uri name="https://spec.edmcouncil.org/fibo/ontology/DER/RateDerivatives/MetadataDERRateDerivatives/" uri="../DER/RateDerivatives/MetadataDERRateDerivatives.rdf"/>
    <uri name="https://spec.edmcouncil.org/fibo/ontology/master/2021Q2/DER/RateDerivatives/MetadataDERRateDerivatives/" uri="../DER/RateDerivatives/MetadataDERRateDerivatives.rdf"/>
    <uri name="https://spec.edmcouncil.org/fibo/ontology/DER/RateDerivatives/RateDerivatives/" uri="../DER/RateDerivatives/RateDerivatives.rdf"/>
    <uri name="https://spec.edmcouncil.org/fibo/ontology/master/2021Q2/DER/RateDerivatives/RateDerivatives/" uri="../DER/RateDerivatives/RateDerivatives.rdf"/>
    <uri name="https://spec.edmcouncil.org/fibo/ontology/DER/SecurityBasedDerivatives/EquityForwards/" uri="../DER/SecurityBasedDerivatives/EquityForwards.rdf"/>
    <uri name="https://spec.edmcouncil.org/fibo/ontology/master/2021Q2/DER/SecurityBasedDerivatives/EquityForwards/" uri="../DER/SecurityBasedDerivatives/EquityForwards.rdf"/>
    <uri name="https://spec.edmcouncil.org/fibo/ontology/DER/SecurityBasedDerivatives/EquityOptions/" uri="../DER/SecurityBasedDerivatives/EquityOptions.rdf"/>
    <uri name="https://spec.edmcouncil.org/fibo/ontology/master/2021Q2/DER/SecurityBasedDerivatives/EquityOptions/" uri="../DER/SecurityBasedDerivatives/EquityOptions.rdf"/>
    <uri name="https://spec.edmcouncil.org/fibo/ontology/DER/SecurityBasedDerivatives/EquitySwaps/" uri="../DER/SecurityBasedDerivatives/EquitySwaps.rdf"/>
    <uri name="https://spec.edmcouncil.org/fibo/ontology/master/2021Q2/DER/SecurityBasedDerivatives/EquitySwaps/" uri="../DER/SecurityBasedDerivatives/EquitySwaps.rdf"/>
    <uri name="https://spec.edmcouncil.org/fibo/ontology/DER/SecurityBasedDerivatives/MetadataDERSecurityBasedDerivatives/" uri="../DER/SecurityBasedDerivatives/MetadataDERSecurityBasedDerivatives.rdf"/>
    <uri name="https://spec.edmcouncil.org/fibo/ontology/master/2021Q2/DER/SecurityBasedDerivatives/MetadataDERSecurityBasedDerivatives/" uri="../DER/SecurityBasedDerivatives/MetadataDERSecurityBasedDerivatives.rdf"/>
    <uri name="https://spec.edmcouncil.org/fibo/ontology/DER/SecurityBasedDerivatives/SecurityBasedDerivatives/" uri="../DER/SecurityBasedDerivatives/SecurityBasedDerivatives.rdf"/>
    <uri name="https://spec.edmcouncil.org/fibo/ontology/master/2021Q2/DER/SecurityBasedDerivatives/SecurityBasedDerivatives/" uri="../DER/SecurityBasedDerivatives/SecurityBasedDerivatives.rdf"/>
    <uri name="https://spec.edmcouncil.org/fibo/ontology/FBC/AllFBC-Europe/" uri="../FBC/AllFBC-Europe.rdf"/>
    <uri name="https://spec.edmcouncil.org/fibo/ontology/master/2021Q2/FBC/AllFBC-Europe/" uri="../FBC/AllFBC-Europe.rdf"/>
    <uri name="https://spec.edmcouncil.org/fibo/ontology/FBC/AllFBC-EuropeAndNorthAmerica/" uri="../FBC/AllFBC-EuropeAndNorthAmerica.rdf"/>
    <uri name="https://spec.edmcouncil.org/fibo/ontology/master/2021Q2/FBC/AllFBC-EuropeAndNorthAmerica/" uri="../FBC/AllFBC-EuropeAndNorthAmerica.rdf"/>
    <uri name="https://spec.edmcouncil.org/fibo/ontology/FBC/AllFBC-ExampleIndividuals/" uri="../FBC/AllFBC-ExampleIndividuals.rdf"/>
    <uri name="https://spec.edmcouncil.org/fibo/ontology/master/2021Q2/FBC/AllFBC-ExampleIndividuals/" uri="../FBC/AllFBC-ExampleIndividuals.rdf"/>
    <uri name="https://spec.edmcouncil.org/fibo/ontology/FBC/AllFBC-NorthAmerica/" uri="../FBC/AllFBC-NorthAmerica.rdf"/>
    <uri name="https://spec.edmcouncil.org/fibo/ontology/master/2021Q2/FBC/AllFBC-NorthAmerica/" uri="../FBC/AllFBC-NorthAmerica.rdf"/>
    <uri name="https://spec.edmcouncil.org/fibo/ontology/FBC/AllFBC-NorthAmericanExamples/" uri="../FBC/AllFBC-NorthAmericanExamples.rdf"/>
    <uri name="https://spec.edmcouncil.org/fibo/ontology/master/2021Q2/FBC/AllFBC-NorthAmericanExamples/" uri="../FBC/AllFBC-NorthAmericanExamples.rdf"/>
    <uri name="https://spec.edmcouncil.org/fibo/ontology/FBC/AllFBC-ReferenceIndividuals/" uri="../FBC/AllFBC-ReferenceIndividuals.rdf"/>
    <uri name="https://spec.edmcouncil.org/fibo/ontology/master/2021Q2/FBC/AllFBC-ReferenceIndividuals/" uri="../FBC/AllFBC-ReferenceIndividuals.rdf"/>
    <uri name="https://spec.edmcouncil.org/fibo/ontology/FBC/AllFBC-ReferenceMarkets/" uri="../FBC/AllFBC-ReferenceMarkets.rdf"/>
    <uri name="https://spec.edmcouncil.org/fibo/ontology/master/2021Q2/FBC/AllFBC-ReferenceMarkets/" uri="../FBC/AllFBC-ReferenceMarkets.rdf"/>
    <uri name="https://spec.edmcouncil.org/fibo/ontology/FBC/AllFBC/" uri="../FBC/AllFBC.rdf"/>
    <uri name="https://spec.edmcouncil.org/fibo/ontology/master/2021Q2/FBC/AllFBC/" uri="../FBC/AllFBC.rdf"/>
    <uri name="https://spec.edmcouncil.org/fibo/ontology/FBC/DebtAndEquities/CreditEvents/" uri="../FBC/DebtAndEquities/CreditEvents.rdf"/>
    <uri name="https://spec.edmcouncil.org/fibo/ontology/master/2021Q2/FBC/DebtAndEquities/CreditEvents/" uri="../FBC/DebtAndEquities/CreditEvents.rdf"/>
    <uri name="https://spec.edmcouncil.org/fibo/ontology/FBC/DebtAndEquities/CreditRatings/" uri="../FBC/DebtAndEquities/CreditRatings.rdf"/>
    <uri name="https://spec.edmcouncil.org/fibo/ontology/master/2021Q2/FBC/DebtAndEquities/CreditRatings/" uri="../FBC/DebtAndEquities/CreditRatings.rdf"/>
    <uri name="https://spec.edmcouncil.org/fibo/ontology/FBC/DebtAndEquities/Debt/" uri="../FBC/DebtAndEquities/Debt.rdf"/>
    <uri name="https://spec.edmcouncil.org/fibo/ontology/master/2021Q2/FBC/DebtAndEquities/Debt/" uri="../FBC/DebtAndEquities/Debt.rdf"/>
    <uri name="https://spec.edmcouncil.org/fibo/ontology/FBC/DebtAndEquities/Guaranty/" uri="../FBC/DebtAndEquities/Guaranty.rdf"/>
    <uri name="https://spec.edmcouncil.org/fibo/ontology/master/2021Q2/FBC/DebtAndEquities/Guaranty/" uri="../FBC/DebtAndEquities/Guaranty.rdf"/>
    <uri name="https://spec.edmcouncil.org/fibo/ontology/FBC/DebtAndEquities/MetadataFBCDebtAndEquities/" uri="../FBC/DebtAndEquities/MetadataFBCDebtAndEquities.rdf"/>
    <uri name="https://spec.edmcouncil.org/fibo/ontology/master/2021Q2/FBC/DebtAndEquities/MetadataFBCDebtAndEquities/" uri="../FBC/DebtAndEquities/MetadataFBCDebtAndEquities.rdf"/>
    <uri name="https://spec.edmcouncil.org/fibo/ontology/FBC/FinancialInstruments/FinancialInstruments/" uri="../FBC/FinancialInstruments/FinancialInstruments.rdf"/>
    <uri name="https://spec.edmcouncil.org/fibo/ontology/master/2021Q2/FBC/FinancialInstruments/FinancialInstruments/" uri="../FBC/FinancialInstruments/FinancialInstruments.rdf"/>
    <uri name="https://spec.edmcouncil.org/fibo/ontology/FBC/FinancialInstruments/InstrumentPricing/" uri="../FBC/FinancialInstruments/InstrumentPricing.rdf"/>
    <uri name="https://spec.edmcouncil.org/fibo/ontology/master/2021Q2/FBC/FinancialInstruments/InstrumentPricing/" uri="../FBC/FinancialInstruments/InstrumentPricing.rdf"/>
    <uri name="https://spec.edmcouncil.org/fibo/ontology/FBC/FinancialInstruments/MetadataFBCFinancialInstruments/" uri="../FBC/FinancialInstruments/MetadataFBCFinancialInstruments.rdf"/>
    <uri name="https://spec.edmcouncil.org/fibo/ontology/master/2021Q2/FBC/FinancialInstruments/MetadataFBCFinancialInstruments/" uri="../FBC/FinancialInstruments/MetadataFBCFinancialInstruments.rdf"/>
    <uri name="https://spec.edmcouncil.org/fibo/ontology/FBC/FinancialInstruments/Settlement/" uri="../FBC/FinancialInstruments/Settlement.rdf"/>
    <uri name="https://spec.edmcouncil.org/fibo/ontology/master/2021Q2/FBC/FinancialInstruments/Settlement/" uri="../FBC/FinancialInstruments/Settlement.rdf"/>
    <uri name="https://spec.edmcouncil.org/fibo/ontology/FBC/FunctionalEntities/BusinessCenters/" uri="../FBC/FunctionalEntities/BusinessCenters.rdf"/>
    <uri name="https://spec.edmcouncil.org/fibo/ontology/master/2021Q2/FBC/FunctionalEntities/BusinessCenters/" uri="../FBC/FunctionalEntities/BusinessCenters.rdf"/>
    <uri name="https://spec.edmcouncil.org/fibo/ontology/FBC/FunctionalEntities/BusinessCentersIndividuals/" uri="../FBC/FunctionalEntities/BusinessCentersIndividuals.rdf"/>
    <uri name="https://spec.edmcouncil.org/fibo/ontology/master/2021Q2/FBC/FunctionalEntities/BusinessCentersIndividuals/" uri="../FBC/FunctionalEntities/BusinessCentersIndividuals.rdf"/>
    <uri name="https://spec.edmcouncil.org/fibo/ontology/FBC/FunctionalEntities/BusinessRegistries/" uri="../FBC/FunctionalEntities/BusinessRegistries.rdf"/>
    <uri name="https://spec.edmcouncil.org/fibo/ontology/master/2021Q2/FBC/FunctionalEntities/BusinessRegistries/" uri="../FBC/FunctionalEntities/BusinessRegistries.rdf"/>
    <uri name="https://spec.edmcouncil.org/fibo/ontology/FBC/FunctionalEntities/EuropeanEntities/EUFinancialServicesEntities/" uri="../FBC/FunctionalEntities/EuropeanEntities/EUFinancialServicesEntities.rdf"/>
    <uri name="https://spec.edmcouncil.org/fibo/ontology/master/2021Q2/FBC/FunctionalEntities/EuropeanEntities/EUFinancialServicesEntities/" uri="../FBC/FunctionalEntities/EuropeanEntities/EUFinancialServicesEntities.rdf"/>
    <uri name="https://spec.edmcouncil.org/fibo/ontology/FBC/FunctionalEntities/EuropeanEntities/EURegulatoryAgencies/" uri="../FBC/FunctionalEntities/EuropeanEntities/EURegulatoryAgencies.rdf"/>
    <uri name="https://spec.edmcouncil.org/fibo/ontology/master/2021Q2/FBC/FunctionalEntities/EuropeanEntities/EURegulatoryAgencies/" uri="../FBC/FunctionalEntities/EuropeanEntities/EURegulatoryAgencies.rdf"/>
    <uri name="https://spec.edmcouncil.org/fibo/ontology/FBC/FunctionalEntities/EuropeanEntities/EuropeanFinancialServicesEntitiesIndividuals/" uri="../FBC/FunctionalEntities/EuropeanEntities/EuropeanFinancialServicesEntitiesIndividuals.rdf"/>
    <uri name="https://spec.edmcouncil.org/fibo/ontology/master/2021Q2/FBC/FunctionalEntities/EuropeanEntities/EuropeanFinancialServicesEntitiesIndividuals/" uri="../FBC/FunctionalEntities/EuropeanEntities/EuropeanFinancialServicesEntitiesIndividuals.rdf"/>
    <uri name="https://spec.edmcouncil.org/fibo/ontology/FBC/FunctionalEntities/FinancialServicesEntities/" uri="../FBC/FunctionalEntities/FinancialServicesEntities.rdf"/>
    <uri name="https://spec.edmcouncil.org/fibo/ontology/master/2021Q2/FBC/FunctionalEntities/FinancialServicesEntities/" uri="../FBC/FunctionalEntities/FinancialServicesEntities.rdf"/>
    <uri name="https://spec.edmcouncil.org/fibo/ontology/FBC/FunctionalEntities/InternationalRegistriesAndAuthorities/" uri="../FBC/FunctionalEntities/InternationalRegistriesAndAuthorities.rdf"/>
    <uri name="https://spec.edmcouncil.org/fibo/ontology/master/2021Q2/FBC/FunctionalEntities/InternationalRegistriesAndAuthorities/" uri="../FBC/FunctionalEntities/InternationalRegistriesAndAuthorities.rdf"/>
    <uri name="https://spec.edmcouncil.org/fibo/ontology/FBC/FunctionalEntities/Markets/" uri="../FBC/FunctionalEntities/Markets.rdf"/>
    <uri name="https://spec.edmcouncil.org/fibo/ontology/master/2021Q2/FBC/FunctionalEntities/Markets/" uri="../FBC/FunctionalEntities/Markets.rdf"/>
    <uri name="https://spec.edmcouncil.org/fibo/ontology/FBC/FunctionalEntities/MarketsIndividuals/" uri="../FBC/FunctionalEntities/MarketsIndividuals.rdf"/>
    <uri name="https://spec.edmcouncil.org/fibo/ontology/master/2021Q2/FBC/FunctionalEntities/MarketsIndividuals/" uri="../FBC/FunctionalEntities/MarketsIndividuals.rdf"/>
    <uri name="https://spec.edmcouncil.org/fibo/ontology/FBC/FunctionalEntities/MetadataFBCFunctionalEntities/" uri="../FBC/FunctionalEntities/MetadataFBCFunctionalEntities.rdf"/>
    <uri name="https://spec.edmcouncil.org/fibo/ontology/master/2021Q2/FBC/FunctionalEntities/MetadataFBCFunctionalEntities/" uri="../FBC/FunctionalEntities/MetadataFBCFunctionalEntities.rdf"/>
    <uri name="https://spec.edmcouncil.org/fibo/ontology/FBC/FunctionalEntities/NorthAmericanEntities/CAFinancialServicesEntities/" uri="../FBC/FunctionalEntities/NorthAmericanEntities/CAFinancialServicesEntities.rdf"/>
    <uri name="https://spec.edmcouncil.org/fibo/ontology/master/2021Q2/FBC/FunctionalEntities/NorthAmericanEntities/CAFinancialServicesEntities/" uri="../FBC/FunctionalEntities/NorthAmericanEntities/CAFinancialServicesEntities.rdf"/>
    <uri name="https://spec.edmcouncil.org/fibo/ontology/FBC/FunctionalEntities/NorthAmericanEntities/CARegulatoryAgencies/" uri="../FBC/FunctionalEntities/NorthAmericanEntities/CARegulatoryAgencies.rdf"/>
    <uri name="https://spec.edmcouncil.org/fibo/ontology/master/2021Q2/FBC/FunctionalEntities/NorthAmericanEntities/CARegulatoryAgencies/" uri="../FBC/FunctionalEntities/NorthAmericanEntities/CARegulatoryAgencies.rdf"/>
    <uri name="https://spec.edmcouncil.org/fibo/ontology/FBC/FunctionalEntities/NorthAmericanEntities/USExampleIndividuals/" uri="../FBC/FunctionalEntities/NorthAmericanEntities/USExampleIndividuals.rdf"/>
    <uri name="https://spec.edmcouncil.org/fibo/ontology/master/2021Q2/FBC/FunctionalEntities/NorthAmericanEntities/USExampleIndividuals/" uri="../FBC/FunctionalEntities/NorthAmericanEntities/USExampleIndividuals.rdf"/>
    <uri name="https://spec.edmcouncil.org/fibo/ontology/FBC/FunctionalEntities/NorthAmericanEntities/USFinancialServicesEntities/" uri="../FBC/FunctionalEntities/NorthAmericanEntities/USFinancialServicesEntities.rdf"/>
    <uri name="https://spec.edmcouncil.org/fibo/ontology/master/2021Q2/FBC/FunctionalEntities/NorthAmericanEntities/USFinancialServicesEntities/" uri="../FBC/FunctionalEntities/NorthAmericanEntities/USFinancialServicesEntities.rdf"/>
    <uri name="https://spec.edmcouncil.org/fibo/ontology/FBC/FunctionalEntities/NorthAmericanEntities/USFinancialServicesEntitiesIndividuals/" uri="../FBC/FunctionalEntities/NorthAmericanEntities/USFinancialServicesEntitiesIndividuals.rdf"/>
    <uri name="https://spec.edmcouncil.org/fibo/ontology/master/2021Q2/FBC/FunctionalEntities/NorthAmericanEntities/USFinancialServicesEntitiesIndividuals/" uri="../FBC/FunctionalEntities/NorthAmericanEntities/USFinancialServicesEntitiesIndividuals.rdf"/>
    <uri name="https://spec.edmcouncil.org/fibo/ontology/FBC/FunctionalEntities/NorthAmericanEntities/USMarketsAndExchangesIndividuals/" uri="../FBC/FunctionalEntities/NorthAmericanEntities/USMarketsAndExchangesIndividuals.rdf"/>
    <uri name="https://spec.edmcouncil.org/fibo/ontology/master/2021Q2/FBC/FunctionalEntities/NorthAmericanEntities/USMarketsAndExchangesIndividuals/" uri="../FBC/FunctionalEntities/NorthAmericanEntities/USMarketsAndExchangesIndividuals.rdf"/>
    <uri name="https://spec.edmcouncil.org/fibo/ontology/FBC/FunctionalEntities/NorthAmericanEntities/USRegulatoryAgencies/" uri="../FBC/FunctionalEntities/NorthAmericanEntities/USRegulatoryAgencies.rdf"/>
    <uri name="https://spec.edmcouncil.org/fibo/ontology/master/2021Q2/FBC/FunctionalEntities/NorthAmericanEntities/USRegulatoryAgencies/" uri="../FBC/FunctionalEntities/NorthAmericanEntities/USRegulatoryAgencies.rdf"/>
    <uri name="https://spec.edmcouncil.org/fibo/ontology/FBC/FunctionalEntities/RegistrationAuthorities/" uri="../FBC/FunctionalEntities/RegistrationAuthorities.rdf"/>
    <uri name="https://spec.edmcouncil.org/fibo/ontology/master/2021Q2/FBC/FunctionalEntities/RegistrationAuthorities/" uri="../FBC/FunctionalEntities/RegistrationAuthorities.rdf"/>
    <uri name="https://spec.edmcouncil.org/fibo/ontology/FBC/FunctionalEntities/RegulatoryAgencies/" uri="../FBC/FunctionalEntities/RegulatoryAgencies.rdf"/>
    <uri name="https://spec.edmcouncil.org/fibo/ontology/master/2021Q2/FBC/FunctionalEntities/RegulatoryAgencies/" uri="../FBC/FunctionalEntities/RegulatoryAgencies.rdf"/>
    <uri name="https://spec.edmcouncil.org/fibo/ontology/FBC/MetadataFBC/" uri="../FBC/MetadataFBC.rdf"/>
    <uri name="https://spec.edmcouncil.org/fibo/ontology/master/2021Q2/FBC/MetadataFBC/" uri="../FBC/MetadataFBC.rdf"/>
    <uri name="https://spec.edmcouncil.org/fibo/ontology/FBC/ProductsAndServices/CardAccounts/" uri="../FBC/ProductsAndServices/CardAccounts.rdf"/>
    <uri name="https://spec.edmcouncil.org/fibo/ontology/master/2021Q2/FBC/ProductsAndServices/CardAccounts/" uri="../FBC/ProductsAndServices/CardAccounts.rdf"/>
    <uri name="https://spec.edmcouncil.org/fibo/ontology/FBC/ProductsAndServices/ClientsAndAccounts/" uri="../FBC/ProductsAndServices/ClientsAndAccounts.rdf"/>
    <uri name="https://spec.edmcouncil.org/fibo/ontology/master/2021Q2/FBC/ProductsAndServices/ClientsAndAccounts/" uri="../FBC/ProductsAndServices/ClientsAndAccounts.rdf"/>
    <uri name="https://spec.edmcouncil.org/fibo/ontology/FBC/ProductsAndServices/FinancialProductsAndServices/" uri="../FBC/ProductsAndServices/FinancialProductsAndServices.rdf"/>
    <uri name="https://spec.edmcouncil.org/fibo/ontology/master/2021Q2/FBC/ProductsAndServices/FinancialProductsAndServices/" uri="../FBC/ProductsAndServices/FinancialProductsAndServices.rdf"/>
    <uri name="https://spec.edmcouncil.org/fibo/ontology/FBC/ProductsAndServices/MetadataFBCProductsAndServices/" uri="../FBC/ProductsAndServices/MetadataFBCProductsAndServices.rdf"/>
    <uri name="https://spec.edmcouncil.org/fibo/ontology/master/2021Q2/FBC/ProductsAndServices/MetadataFBCProductsAndServices/" uri="../FBC/ProductsAndServices/MetadataFBCProductsAndServices.rdf"/>
    <uri name="https://spec.edmcouncil.org/fibo/ontology/FND/Accounting/AccountingEquity/" uri="../FND/Accounting/AccountingEquity.rdf"/>
    <uri name="https://spec.edmcouncil.org/fibo/ontology/master/2021Q2/FND/Accounting/AccountingEquity/" uri="../FND/Accounting/AccountingEquity.rdf"/>
    <uri name="https://spec.edmcouncil.org/fibo/ontology/FND/Accounting/CurrencyAmount/" uri="../FND/Accounting/CurrencyAmount.rdf"/>
    <uri name="https://spec.edmcouncil.org/fibo/ontology/master/2021Q2/FND/Accounting/CurrencyAmount/" uri="../FND/Accounting/CurrencyAmount.rdf"/>
    <uri name="https://spec.edmcouncil.org/fibo/ontology/FND/Accounting/ISO4217-CurrencyCodes/" uri="../FND/Accounting/ISO4217-CurrencyCodes.rdf"/>
    <uri name="https://spec.edmcouncil.org/fibo/ontology/master/2021Q2/FND/Accounting/ISO4217-CurrencyCodes/" uri="../FND/Accounting/ISO4217-CurrencyCodes.rdf"/>
    <uri name="https://spec.edmcouncil.org/fibo/ontology/FND/Accounting/MetadataFNDAccounting/" uri="../FND/Accounting/MetadataFNDAccounting.rdf"/>
    <uri name="https://spec.edmcouncil.org/fibo/ontology/master/2021Q2/FND/Accounting/MetadataFNDAccounting/" uri="../FND/Accounting/MetadataFNDAccounting.rdf"/>
    <uri name="https://spec.edmcouncil.org/fibo/ontology/FND/AgentsAndPeople/Agents/" uri="../FND/AgentsAndPeople/Agents.rdf"/>
    <uri name="https://spec.edmcouncil.org/fibo/ontology/master/2021Q2/FND/AgentsAndPeople/Agents/" uri="../FND/AgentsAndPeople/Agents.rdf"/>
    <uri name="https://spec.edmcouncil.org/fibo/ontology/FND/AgentsAndPeople/MetadataFNDAgentsAndPeople/" uri="../FND/AgentsAndPeople/MetadataFNDAgentsAndPeople.rdf"/>
    <uri name="https://spec.edmcouncil.org/fibo/ontology/master/2021Q2/FND/AgentsAndPeople/MetadataFNDAgentsAndPeople/" uri="../FND/AgentsAndPeople/MetadataFNDAgentsAndPeople.rdf"/>
    <uri name="https://spec.edmcouncil.org/fibo/ontology/FND/AgentsAndPeople/People/" uri="../FND/AgentsAndPeople/People.rdf"/>
    <uri name="https://spec.edmcouncil.org/fibo/ontology/master/2021Q2/FND/AgentsAndPeople/People/" uri="../FND/AgentsAndPeople/People.rdf"/>
    <uri name="https://spec.edmcouncil.org/fibo/ontology/FND/Agreements/Agreements/" uri="../FND/Agreements/Agreements.rdf"/>
    <uri name="https://spec.edmcouncil.org/fibo/ontology/master/2021Q2/FND/Agreements/Agreements/" uri="../FND/Agreements/Agreements.rdf"/>
    <uri name="https://spec.edmcouncil.org/fibo/ontology/FND/Agreements/Contracts/" uri="../FND/Agreements/Contracts.rdf"/>
    <uri name="https://spec.edmcouncil.org/fibo/ontology/master/2021Q2/FND/Agreements/Contracts/" uri="../FND/Agreements/Contracts.rdf"/>
    <uri name="https://spec.edmcouncil.org/fibo/ontology/FND/Agreements/MetadataFNDAgreements/" uri="../FND/Agreements/MetadataFNDAgreements.rdf"/>
    <uri name="https://spec.edmcouncil.org/fibo/ontology/master/2021Q2/FND/Agreements/MetadataFNDAgreements/" uri="../FND/Agreements/MetadataFNDAgreements.rdf"/>
    <uri name="https://spec.edmcouncil.org/fibo/ontology/FND/AllFND-NorthAmerica/" uri="../FND/AllFND-NorthAmerica.rdf"/>
    <uri name="https://spec.edmcouncil.org/fibo/ontology/master/2021Q2/FND/AllFND-NorthAmerica/" uri="../FND/AllFND-NorthAmerica.rdf"/>
    <uri name="https://spec.edmcouncil.org/fibo/ontology/FND/AllFND/" uri="../FND/AllFND.rdf"/>
    <uri name="https://spec.edmcouncil.org/fibo/ontology/master/2021Q2/FND/AllFND/" uri="../FND/AllFND.rdf"/>
    <uri name="https://spec.edmcouncil.org/fibo/ontology/FND/Arrangements/Arrangements/" uri="../FND/Arrangements/Arrangements.rdf"/>
    <uri name="https://spec.edmcouncil.org/fibo/ontology/master/2021Q2/FND/Arrangements/Arrangements/" uri="../FND/Arrangements/Arrangements.rdf"/>
    <uri name="https://spec.edmcouncil.org/fibo/ontology/FND/Arrangements/Assessments/" uri="../FND/Arrangements/Assessments.rdf"/>
    <uri name="https://spec.edmcouncil.org/fibo/ontology/master/2021Q2/FND/Arrangements/Assessments/" uri="../FND/Arrangements/Assessments.rdf"/>
    <uri name="https://spec.edmcouncil.org/fibo/ontology/FND/Arrangements/ClassificationSchemes/" uri="../FND/Arrangements/ClassificationSchemes.rdf"/>
    <uri name="https://spec.edmcouncil.org/fibo/ontology/master/2021Q2/FND/Arrangements/ClassificationSchemes/" uri="../FND/Arrangements/ClassificationSchemes.rdf"/>
    <uri name="https://spec.edmcouncil.org/fibo/ontology/FND/Arrangements/Documents/" uri="../FND/Arrangements/Documents.rdf"/>
    <uri name="https://spec.edmcouncil.org/fibo/ontology/master/2021Q2/FND/Arrangements/Documents/" uri="../FND/Arrangements/Documents.rdf"/>
    <uri name="https://spec.edmcouncil.org/fibo/ontology/FND/Arrangements/IdentifiersAndIndices/" uri="../FND/Arrangements/IdentifiersAndIndices.rdf"/>
    <uri name="https://spec.edmcouncil.org/fibo/ontology/master/2021Q2/FND/Arrangements/IdentifiersAndIndices/" uri="../FND/Arrangements/IdentifiersAndIndices.rdf"/>
    <uri name="https://spec.edmcouncil.org/fibo/ontology/FND/Arrangements/Lifecycles/" uri="../FND/Arrangements/Lifecycles.rdf"/>
    <uri name="https://spec.edmcouncil.org/fibo/ontology/master/2021Q2/FND/Arrangements/Lifecycles/" uri="../FND/Arrangements/Lifecycles.rdf"/>
    <uri name="https://spec.edmcouncil.org/fibo/ontology/FND/Arrangements/MetadataFNDArrangements/" uri="../FND/Arrangements/MetadataFNDArrangements.rdf"/>
    <uri name="https://spec.edmcouncil.org/fibo/ontology/master/2021Q2/FND/Arrangements/MetadataFNDArrangements/" uri="../FND/Arrangements/MetadataFNDArrangements.rdf"/>
    <uri name="https://spec.edmcouncil.org/fibo/ontology/FND/Arrangements/Ratings/" uri="../FND/Arrangements/Ratings.rdf"/>
    <uri name="https://spec.edmcouncil.org/fibo/ontology/master/2021Q2/FND/Arrangements/Ratings/" uri="../FND/Arrangements/Ratings.rdf"/>
    <uri name="https://spec.edmcouncil.org/fibo/ontology/FND/Arrangements/Reporting/" uri="../FND/Arrangements/Reporting.rdf"/>
    <uri name="https://spec.edmcouncil.org/fibo/ontology/master/2021Q2/FND/Arrangements/Reporting/" uri="../FND/Arrangements/Reporting.rdf"/>
    <uri name="https://spec.edmcouncil.org/fibo/ontology/FND/DatesAndTimes/BusinessDates/" uri="../FND/DatesAndTimes/BusinessDates.rdf"/>
    <uri name="https://spec.edmcouncil.org/fibo/ontology/master/2021Q2/FND/DatesAndTimes/BusinessDates/" uri="../FND/DatesAndTimes/BusinessDates.rdf"/>
    <uri name="https://spec.edmcouncil.org/fibo/ontology/FND/DatesAndTimes/FinancialDates/" uri="../FND/DatesAndTimes/FinancialDates.rdf"/>
    <uri name="https://spec.edmcouncil.org/fibo/ontology/master/2021Q2/FND/DatesAndTimes/FinancialDates/" uri="../FND/DatesAndTimes/FinancialDates.rdf"/>
    <uri name="https://spec.edmcouncil.org/fibo/ontology/FND/DatesAndTimes/MetadataFNDDatesAndTimes/" uri="../FND/DatesAndTimes/MetadataFNDDatesAndTimes.rdf"/>
    <uri name="https://spec.edmcouncil.org/fibo/ontology/master/2021Q2/FND/DatesAndTimes/MetadataFNDDatesAndTimes/" uri="../FND/DatesAndTimes/MetadataFNDDatesAndTimes.rdf"/>
    <uri name="https://spec.edmcouncil.org/fibo/ontology/FND/DatesAndTimes/Occurrences/" uri="../FND/DatesAndTimes/Occurrences.rdf"/>
    <uri name="https://spec.edmcouncil.org/fibo/ontology/master/2021Q2/FND/DatesAndTimes/Occurrences/" uri="../FND/DatesAndTimes/Occurrences.rdf"/>
    <uri name="https://spec.edmcouncil.org/fibo/ontology/FND/GoalsAndObjectives/MetadataFNDGoalsAndObjectives/" uri="../FND/GoalsAndObjectives/MetadataFNDGoalsAndObjectives.rdf"/>
    <uri name="https://spec.edmcouncil.org/fibo/ontology/master/2021Q2/FND/GoalsAndObjectives/MetadataFNDGoalsAndObjectives/" uri="../FND/GoalsAndObjectives/MetadataFNDGoalsAndObjectives.rdf"/>
    <uri name="https://spec.edmcouncil.org/fibo/ontology/FND/GoalsAndObjectives/Objectives/" uri="../FND/GoalsAndObjectives/Objectives.rdf"/>
    <uri name="https://spec.edmcouncil.org/fibo/ontology/master/2021Q2/FND/GoalsAndObjectives/Objectives/" uri="../FND/GoalsAndObjectives/Objectives.rdf"/>
    <uri name="https://spec.edmcouncil.org/fibo/ontology/FND/Law/Jurisdiction/" uri="../FND/Law/Jurisdiction.rdf"/>
    <uri name="https://spec.edmcouncil.org/fibo/ontology/master/2021Q2/FND/Law/Jurisdiction/" uri="../FND/Law/Jurisdiction.rdf"/>
    <uri name="https://spec.edmcouncil.org/fibo/ontology/FND/Law/LegalCapacity/" uri="../FND/Law/LegalCapacity.rdf"/>
    <uri name="https://spec.edmcouncil.org/fibo/ontology/master/2021Q2/FND/Law/LegalCapacity/" uri="../FND/Law/LegalCapacity.rdf"/>
    <uri name="https://spec.edmcouncil.org/fibo/ontology/FND/Law/LegalCore/" uri="../FND/Law/LegalCore.rdf"/>
    <uri name="https://spec.edmcouncil.org/fibo/ontology/master/2021Q2/FND/Law/LegalCore/" uri="../FND/Law/LegalCore.rdf"/>
    <uri name="https://spec.edmcouncil.org/fibo/ontology/FND/Law/MetadataFNDLaw/" uri="../FND/Law/MetadataFNDLaw.rdf"/>
    <uri name="https://spec.edmcouncil.org/fibo/ontology/master/2021Q2/FND/Law/MetadataFNDLaw/" uri="../FND/Law/MetadataFNDLaw.rdf"/>
    <uri name="https://spec.edmcouncil.org/fibo/ontology/FND/MetadataFND/" uri="../FND/MetadataFND.rdf"/>
    <uri name="https://spec.edmcouncil.org/fibo/ontology/master/2021Q2/FND/MetadataFND/" uri="../FND/MetadataFND.rdf"/>
    <uri name="https://spec.edmcouncil.org/fibo/ontology/FND/Organizations/FormalOrganizations/" uri="../FND/Organizations/FormalOrganizations.rdf"/>
    <uri name="https://spec.edmcouncil.org/fibo/ontology/master/2021Q2/FND/Organizations/FormalOrganizations/" uri="../FND/Organizations/FormalOrganizations.rdf"/>
    <uri name="https://spec.edmcouncil.org/fibo/ontology/FND/Organizations/MetadataFNDOrganizations/" uri="../FND/Organizations/MetadataFNDOrganizations.rdf"/>
    <uri name="https://spec.edmcouncil.org/fibo/ontology/master/2021Q2/FND/Organizations/MetadataFNDOrganizations/" uri="../FND/Organizations/MetadataFNDOrganizations.rdf"/>
    <uri name="https://spec.edmcouncil.org/fibo/ontology/FND/Organizations/Organizations/" uri="../FND/Organizations/Organizations.rdf"/>
    <uri name="https://spec.edmcouncil.org/fibo/ontology/master/2021Q2/FND/Organizations/Organizations/" uri="../FND/Organizations/Organizations.rdf"/>
    <uri name="https://spec.edmcouncil.org/fibo/ontology/FND/OwnershipAndControl/Control/" uri="../FND/OwnershipAndControl/Control.rdf"/>
    <uri name="https://spec.edmcouncil.org/fibo/ontology/master/2021Q2/FND/OwnershipAndControl/Control/" uri="../FND/OwnershipAndControl/Control.rdf"/>
    <uri name="https://spec.edmcouncil.org/fibo/ontology/FND/OwnershipAndControl/MetadataFNDOwnershipAndControl/" uri="../FND/OwnershipAndControl/MetadataFNDOwnershipAndControl.rdf"/>
    <uri name="https://spec.edmcouncil.org/fibo/ontology/master/2021Q2/FND/OwnershipAndControl/MetadataFNDOwnershipAndControl/" uri="../FND/OwnershipAndControl/MetadataFNDOwnershipAndControl.rdf"/>
    <uri name="https://spec.edmcouncil.org/fibo/ontology/FND/OwnershipAndControl/Ownership/" uri="../FND/OwnershipAndControl/Ownership.rdf"/>
    <uri name="https://spec.edmcouncil.org/fibo/ontology/master/2021Q2/FND/OwnershipAndControl/Ownership/" uri="../FND/OwnershipAndControl/Ownership.rdf"/>
    <uri name="https://spec.edmcouncil.org/fibo/ontology/FND/OwnershipAndControl/OwnershipAndControl/" uri="../FND/OwnershipAndControl/OwnershipAndControl.rdf"/>
    <uri name="https://spec.edmcouncil.org/fibo/ontology/master/2021Q2/FND/OwnershipAndControl/OwnershipAndControl/" uri="../FND/OwnershipAndControl/OwnershipAndControl.rdf"/>
    <uri name="https://spec.edmcouncil.org/fibo/ontology/FND/Parties/MetadataFNDParties/" uri="../FND/Parties/MetadataFNDParties.rdf"/>
    <uri name="https://spec.edmcouncil.org/fibo/ontology/master/2021Q2/FND/Parties/MetadataFNDParties/" uri="../FND/Parties/MetadataFNDParties.rdf"/>
    <uri name="https://spec.edmcouncil.org/fibo/ontology/FND/Parties/Parties/" uri="../FND/Parties/Parties.rdf"/>
    <uri name="https://spec.edmcouncil.org/fibo/ontology/master/2021Q2/FND/Parties/Parties/" uri="../FND/Parties/Parties.rdf"/>
    <uri name="https://spec.edmcouncil.org/fibo/ontology/FND/Parties/Roles/" uri="../FND/Parties/Roles.rdf"/>
    <uri name="https://spec.edmcouncil.org/fibo/ontology/master/2021Q2/FND/Parties/Roles/" uri="../FND/Parties/Roles.rdf"/>
    <uri name="https://spec.edmcouncil.org/fibo/ontology/FND/Places/Addresses/" uri="../FND/Places/Addresses.rdf"/>
    <uri name="https://spec.edmcouncil.org/fibo/ontology/master/2021Q2/FND/Places/Addresses/" uri="../FND/Places/Addresses.rdf"/>
    <uri name="https://spec.edmcouncil.org/fibo/ontology/FND/Places/Facilities/" uri="../FND/Places/Facilities.rdf"/>
    <uri name="https://spec.edmcouncil.org/fibo/ontology/master/2021Q2/FND/Places/Facilities/" uri="../FND/Places/Facilities.rdf"/>
    <uri name="https://spec.edmcouncil.org/fibo/ontology/FND/Places/Locations/" uri="../FND/Places/Locations.rdf"/>
    <uri name="https://spec.edmcouncil.org/fibo/ontology/master/2021Q2/FND/Places/Locations/" uri="../FND/Places/Locations.rdf"/>
    <uri name="https://spec.edmcouncil.org/fibo/ontology/FND/Places/MetadataFNDPlaces/" uri="../FND/Places/MetadataFNDPlaces.rdf"/>
    <uri name="https://spec.edmcouncil.org/fibo/ontology/master/2021Q2/FND/Places/MetadataFNDPlaces/" uri="../FND/Places/MetadataFNDPlaces.rdf"/>
    <uri name="https://spec.edmcouncil.org/fibo/ontology/FND/Places/NorthAmerica/USPostalServiceAddresses/" uri="../FND/Places/NorthAmerica/USPostalServiceAddresses.rdf"/>
    <uri name="https://spec.edmcouncil.org/fibo/ontology/master/2021Q2/FND/Places/NorthAmerica/USPostalServiceAddresses/" uri="../FND/Places/NorthAmerica/USPostalServiceAddresses.rdf"/>
    <uri name="https://spec.edmcouncil.org/fibo/ontology/FND/Places/NorthAmerica/USPostalServiceAddressesIndividuals/" uri="../FND/Places/NorthAmerica/USPostalServiceAddressesIndividuals.rdf"/>
    <uri name="https://spec.edmcouncil.org/fibo/ontology/master/2021Q2/FND/Places/NorthAmerica/USPostalServiceAddressesIndividuals/" uri="../FND/Places/NorthAmerica/USPostalServiceAddressesIndividuals.rdf"/>
    <uri name="https://spec.edmcouncil.org/fibo/ontology/FND/Places/VirtualPlaces/" uri="../FND/Places/VirtualPlaces.rdf"/>
    <uri name="https://spec.edmcouncil.org/fibo/ontology/master/2021Q2/FND/Places/VirtualPlaces/" uri="../FND/Places/VirtualPlaces.rdf"/>
    <uri name="https://spec.edmcouncil.org/fibo/ontology/FND/ProductsAndServices/MetadataFNDProductsAndServices/" uri="../FND/ProductsAndServices/MetadataFNDProductsAndServices.rdf"/>
    <uri name="https://spec.edmcouncil.org/fibo/ontology/master/2021Q2/FND/ProductsAndServices/MetadataFNDProductsAndServices/" uri="../FND/ProductsAndServices/MetadataFNDProductsAndServices.rdf"/>
    <uri name="https://spec.edmcouncil.org/fibo/ontology/FND/ProductsAndServices/PaymentsAndSchedules/" uri="../FND/ProductsAndServices/PaymentsAndSchedules.rdf"/>
    <uri name="https://spec.edmcouncil.org/fibo/ontology/master/2021Q2/FND/ProductsAndServices/PaymentsAndSchedules/" uri="../FND/ProductsAndServices/PaymentsAndSchedules.rdf"/>
    <uri name="https://spec.edmcouncil.org/fibo/ontology/FND/ProductsAndServices/ProductsAndServices/" uri="../FND/ProductsAndServices/ProductsAndServices.rdf"/>
    <uri name="https://spec.edmcouncil.org/fibo/ontology/master/2021Q2/FND/ProductsAndServices/ProductsAndServices/" uri="../FND/ProductsAndServices/ProductsAndServices.rdf"/>
    <uri name="https://spec.edmcouncil.org/fibo/ontology/FND/Quantities/MetadataFNDQuantities/" uri="../FND/Quantities/MetadataFNDQuantities.rdf"/>
    <uri name="https://spec.edmcouncil.org/fibo/ontology/master/2021Q2/FND/Quantities/MetadataFNDQuantities/" uri="../FND/Quantities/MetadataFNDQuantities.rdf"/>
    <uri name="https://spec.edmcouncil.org/fibo/ontology/FND/Quantities/QuantitiesAndUnits/" uri="../FND/Quantities/QuantitiesAndUnits.rdf"/>
    <uri name="https://spec.edmcouncil.org/fibo/ontology/master/2021Q2/FND/Quantities/QuantitiesAndUnits/" uri="../FND/Quantities/QuantitiesAndUnits.rdf"/>
    <uri name="https://spec.edmcouncil.org/fibo/ontology/FND/Relations/MetadataFNDRelations/" uri="../FND/Relations/MetadataFNDRelations.rdf"/>
    <uri name="https://spec.edmcouncil.org/fibo/ontology/master/2021Q2/FND/Relations/MetadataFNDRelations/" uri="../FND/Relations/MetadataFNDRelations.rdf"/>
    <uri name="https://spec.edmcouncil.org/fibo/ontology/FND/Relations/Relations/" uri="../FND/Relations/Relations.rdf"/>
    <uri name="https://spec.edmcouncil.org/fibo/ontology/master/2021Q2/FND/Relations/Relations/" uri="../FND/Relations/Relations.rdf"/>
    <uri name="https://spec.edmcouncil.org/fibo/ontology/FND/TransactionsExt/EconomicResources/" uri="../FND/TransactionsExt/EconomicResources.rdf"/>
    <uri name="https://spec.edmcouncil.org/fibo/ontology/master/2021Q2/FND/TransactionsExt/EconomicResources/" uri="../FND/TransactionsExt/EconomicResources.rdf"/>
    <uri name="https://spec.edmcouncil.org/fibo/ontology/FND/TransactionsExt/MarketTransactions/" uri="../FND/TransactionsExt/MarketTransactions.rdf"/>
    <uri name="https://spec.edmcouncil.org/fibo/ontology/master/2021Q2/FND/TransactionsExt/MarketTransactions/" uri="../FND/TransactionsExt/MarketTransactions.rdf"/>
    <uri name="https://spec.edmcouncil.org/fibo/ontology/FND/TransactionsExt/MetadataFNDTransactionsExt/" uri="../FND/TransactionsExt/MetadataFNDTransactionsExt.rdf"/>
    <uri name="https://spec.edmcouncil.org/fibo/ontology/master/2021Q2/FND/TransactionsExt/MetadataFNDTransactionsExt/" uri="../FND/TransactionsExt/MetadataFNDTransactionsExt.rdf"/>
    <uri name="https://spec.edmcouncil.org/fibo/ontology/FND/TransactionsExt/QuantifiedResources/" uri="../FND/TransactionsExt/QuantifiedResources.rdf"/>
    <uri name="https://spec.edmcouncil.org/fibo/ontology/master/2021Q2/FND/TransactionsExt/QuantifiedResources/" uri="../FND/TransactionsExt/QuantifiedResources.rdf"/>
    <uri name="https://spec.edmcouncil.org/fibo/ontology/FND/TransactionsExt/REAClaimsEvents/" uri="../FND/TransactionsExt/REAClaimsEvents.rdf"/>
    <uri name="https://spec.edmcouncil.org/fibo/ontology/master/2021Q2/FND/TransactionsExt/REAClaimsEvents/" uri="../FND/TransactionsExt/REAClaimsEvents.rdf"/>
    <uri name="https://spec.edmcouncil.org/fibo/ontology/FND/TransactionsExt/REATransactions/" uri="../FND/TransactionsExt/REATransactions.rdf"/>
    <uri name="https://spec.edmcouncil.org/fibo/ontology/master/2021Q2/FND/TransactionsExt/REATransactions/" uri="../FND/TransactionsExt/REATransactions.rdf"/>
    <uri name="https://spec.edmcouncil.org/fibo/ontology/FND/TransactionsExt/SecuritiesTransactions/" uri="../FND/TransactionsExt/SecuritiesTransactions.rdf"/>
    <uri name="https://spec.edmcouncil.org/fibo/ontology/master/2021Q2/FND/TransactionsExt/SecuritiesTransactions/" uri="../FND/TransactionsExt/SecuritiesTransactions.rdf"/>
    <uri name="https://spec.edmcouncil.org/fibo/ontology/FND/TransactionsExt/SupplyTransactions/" uri="../FND/TransactionsExt/SupplyTransactions.rdf"/>
    <uri name="https://spec.edmcouncil.org/fibo/ontology/master/2021Q2/FND/TransactionsExt/SupplyTransactions/" uri="../FND/TransactionsExt/SupplyTransactions.rdf"/>
    <uri name="https://spec.edmcouncil.org/fibo/ontology/FND/TransactionsExt/TransactionAccounting/" uri="../FND/TransactionsExt/TransactionAccounting.rdf"/>
    <uri name="https://spec.edmcouncil.org/fibo/ontology/master/2021Q2/FND/TransactionsExt/TransactionAccounting/" uri="../FND/TransactionsExt/TransactionAccounting.rdf"/>
    <uri name="https://spec.edmcouncil.org/fibo/ontology/FND/TransactionsExt/TransactionEvents/" uri="../FND/TransactionsExt/TransactionEvents.rdf"/>
    <uri name="https://spec.edmcouncil.org/fibo/ontology/master/2021Q2/FND/TransactionsExt/TransactionEvents/" uri="../FND/TransactionsExt/TransactionEvents.rdf"/>
    <uri name="https://spec.edmcouncil.org/fibo/ontology/FND/TransactionsExt/TransactionsExtended/" uri="../FND/TransactionsExt/TransactionsExtended.rdf"/>
    <uri name="https://spec.edmcouncil.org/fibo/ontology/master/2021Q2/FND/TransactionsExt/TransactionsExtended/" uri="../FND/TransactionsExt/TransactionsExtended.rdf"/>
    <uri name="https://spec.edmcouncil.org/fibo/ontology/FND/Utilities/Analytics/" uri="../FND/Utilities/Analytics.rdf"/>
    <uri name="https://spec.edmcouncil.org/fibo/ontology/master/2021Q2/FND/Utilities/Analytics/" uri="../FND/Utilities/Analytics.rdf"/>
    <uri name="https://spec.edmcouncil.org/fibo/ontology/FND/Utilities/AnnotationVocabulary/" uri="../FND/Utilities/AnnotationVocabulary.rdf"/>
    <uri name="https://spec.edmcouncil.org/fibo/ontology/master/2021Q2/FND/Utilities/AnnotationVocabulary/" uri="../FND/Utilities/AnnotationVocabulary.rdf"/>
    <uri name="https://spec.edmcouncil.org/fibo/ontology/FND/Utilities/MetadataFNDUtilities/" uri="../FND/Utilities/MetadataFNDUtilities.rdf"/>
    <uri name="https://spec.edmcouncil.org/fibo/ontology/master/2021Q2/FND/Utilities/MetadataFNDUtilities/" uri="../FND/Utilities/MetadataFNDUtilities.rdf"/>
    <uri name="https://spec.edmcouncil.org/fibo/ontology/IND/AllIND-ExampleIndividuals/" uri="../IND/AllIND-ExampleIndividuals.rdf"/>
    <uri name="https://spec.edmcouncil.org/fibo/ontology/master/2021Q2/IND/AllIND-ExampleIndividuals/" uri="../IND/AllIND-ExampleIndividuals.rdf"/>
    <uri name="https://spec.edmcouncil.org/fibo/ontology/IND/AllIND-NorthAmerica/" uri="../IND/AllIND-NorthAmerica.rdf"/>
    <uri name="https://spec.edmcouncil.org/fibo/ontology/master/2021Q2/IND/AllIND-NorthAmerica/" uri="../IND/AllIND-NorthAmerica.rdf"/>
    <uri name="https://spec.edmcouncil.org/fibo/ontology/IND/AllIND-ReferenceRates/" uri="../IND/AllIND-ReferenceRates.rdf"/>
    <uri name="https://spec.edmcouncil.org/fibo/ontology/master/2021Q2/IND/AllIND-ReferenceRates/" uri="../IND/AllIND-ReferenceRates.rdf"/>
    <uri name="https://spec.edmcouncil.org/fibo/ontology/IND/AllIND/" uri="../IND/AllIND.rdf"/>
    <uri name="https://spec.edmcouncil.org/fibo/ontology/master/2021Q2/IND/AllIND/" uri="../IND/AllIND.rdf"/>
    <uri name="https://spec.edmcouncil.org/fibo/ontology/IND/EconomicIndicators/EconomicIndicators/" uri="../IND/EconomicIndicators/EconomicIndicators.rdf"/>
    <uri name="https://spec.edmcouncil.org/fibo/ontology/master/2021Q2/IND/EconomicIndicators/EconomicIndicators/" uri="../IND/EconomicIndicators/EconomicIndicators.rdf"/>
    <uri name="https://spec.edmcouncil.org/fibo/ontology/IND/EconomicIndicators/MetadataINDEconomicIndicators/" uri="../IND/EconomicIndicators/MetadataINDEconomicIndicators.rdf"/>
    <uri name="https://spec.edmcouncil.org/fibo/ontology/master/2021Q2/IND/EconomicIndicators/MetadataINDEconomicIndicators/" uri="../IND/EconomicIndicators/MetadataINDEconomicIndicators.rdf"/>
    <uri name="https://spec.edmcouncil.org/fibo/ontology/IND/EconomicIndicators/NorthAmericanIndicators/CAEconomicIndicators/" uri="../IND/EconomicIndicators/NorthAmericanIndicators/CAEconomicIndicators.rdf"/>
    <uri name="https://spec.edmcouncil.org/fibo/ontology/master/2021Q2/IND/EconomicIndicators/NorthAmericanIndicators/CAEconomicIndicators/" uri="../IND/EconomicIndicators/NorthAmericanIndicators/CAEconomicIndicators.rdf"/>
    <uri name="https://spec.edmcouncil.org/fibo/ontology/IND/EconomicIndicators/NorthAmericanIndicators/USEconomicIndicators/" uri="../IND/EconomicIndicators/NorthAmericanIndicators/USEconomicIndicators.rdf"/>
    <uri name="https://spec.edmcouncil.org/fibo/ontology/master/2021Q2/IND/EconomicIndicators/NorthAmericanIndicators/USEconomicIndicators/" uri="../IND/EconomicIndicators/NorthAmericanIndicators/USEconomicIndicators.rdf"/>
    <uri name="https://spec.edmcouncil.org/fibo/ontology/IND/ForeignExchange/ForeignExchange/" uri="../IND/ForeignExchange/ForeignExchange.rdf"/>
    <uri name="https://spec.edmcouncil.org/fibo/ontology/master/2021Q2/IND/ForeignExchange/ForeignExchange/" uri="../IND/ForeignExchange/ForeignExchange.rdf"/>
    <uri name="https://spec.edmcouncil.org/fibo/ontology/IND/ForeignExchange/MetadataINDForeignExchange/" uri="../IND/ForeignExchange/MetadataINDForeignExchange.rdf"/>
    <uri name="https://spec.edmcouncil.org/fibo/ontology/master/2021Q2/IND/ForeignExchange/MetadataINDForeignExchange/" uri="../IND/ForeignExchange/MetadataINDForeignExchange.rdf"/>
    <uri name="https://spec.edmcouncil.org/fibo/ontology/IND/Indicators/Indicators/" uri="../IND/Indicators/Indicators.rdf"/>
    <uri name="https://spec.edmcouncil.org/fibo/ontology/master/2021Q2/IND/Indicators/Indicators/" uri="../IND/Indicators/Indicators.rdf"/>
    <uri name="https://spec.edmcouncil.org/fibo/ontology/IND/Indicators/MetadataINDIndicators/" uri="../IND/Indicators/MetadataINDIndicators.rdf"/>
    <uri name="https://spec.edmcouncil.org/fibo/ontology/master/2021Q2/IND/Indicators/MetadataINDIndicators/" uri="../IND/Indicators/MetadataINDIndicators.rdf"/>
    <uri name="https://spec.edmcouncil.org/fibo/ontology/IND/InterestRates/CommonInterestRates/" uri="../IND/InterestRates/CommonInterestRates.rdf"/>
    <uri name="https://spec.edmcouncil.org/fibo/ontology/master/2021Q2/IND/InterestRates/CommonInterestRates/" uri="../IND/InterestRates/CommonInterestRates.rdf"/>
    <uri name="https://spec.edmcouncil.org/fibo/ontology/IND/InterestRates/InterestRates/" uri="../IND/InterestRates/InterestRates.rdf"/>
    <uri name="https://spec.edmcouncil.org/fibo/ontology/master/2021Q2/IND/InterestRates/InterestRates/" uri="../IND/InterestRates/InterestRates.rdf"/>
    <uri name="https://spec.edmcouncil.org/fibo/ontology/IND/InterestRates/MarketDataProviders/" uri="../IND/InterestRates/MarketDataProviders.rdf"/>
    <uri name="https://spec.edmcouncil.org/fibo/ontology/master/2021Q2/IND/InterestRates/MarketDataProviders/" uri="../IND/InterestRates/MarketDataProviders.rdf"/>
    <uri name="https://spec.edmcouncil.org/fibo/ontology/IND/InterestRates/MetadataINDInterestRates/" uri="../IND/InterestRates/MetadataINDInterestRates.rdf"/>
    <uri name="https://spec.edmcouncil.org/fibo/ontology/master/2021Q2/IND/InterestRates/MetadataINDInterestRates/" uri="../IND/InterestRates/MetadataINDInterestRates.rdf"/>
    <uri name="https://spec.edmcouncil.org/fibo/ontology/IND/MarketIndices/BasketIndices/" uri="../IND/MarketIndices/BasketIndices.rdf"/>
    <uri name="https://spec.edmcouncil.org/fibo/ontology/master/2021Q2/IND/MarketIndices/BasketIndices/" uri="../IND/MarketIndices/BasketIndices.rdf"/>
    <uri name="https://spec.edmcouncil.org/fibo/ontology/IND/MarketIndices/EquityIndexExampleIndividuals/" uri="../IND/MarketIndices/EquityIndexExampleIndividuals.rdf"/>
    <uri name="https://spec.edmcouncil.org/fibo/ontology/master/2021Q2/IND/MarketIndices/EquityIndexExampleIndividuals/" uri="../IND/MarketIndices/EquityIndexExampleIndividuals.rdf"/>
    <uri name="https://spec.edmcouncil.org/fibo/ontology/IND/MarketIndices/MetadataINDMarketIndices/" uri="../IND/MarketIndices/MetadataINDMarketIndices.rdf"/>
    <uri name="https://spec.edmcouncil.org/fibo/ontology/master/2021Q2/IND/MarketIndices/MetadataINDMarketIndices/" uri="../IND/MarketIndices/MetadataINDMarketIndices.rdf"/>
    <uri name="https://spec.edmcouncil.org/fibo/ontology/IND/MetadataIND/" uri="../IND/MetadataIND.rdf"/>
    <uri name="https://spec.edmcouncil.org/fibo/ontology/master/2021Q2/IND/MetadataIND/" uri="../IND/MetadataIND.rdf"/>
    <uri name="https://spec.edmcouncil.org/fibo/ontology/LOAN/AllLOAN/" uri="../LOAN/AllLOAN.rdf"/>
    <uri name="https://spec.edmcouncil.org/fibo/ontology/master/2021Q2/LOAN/AllLOAN/" uri="../LOAN/AllLOAN.rdf"/>
    <uri name="https://spec.edmcouncil.org/fibo/ontology/LOAN/LoanContracts/LoanApplications/" uri="../LOAN/LoanContracts/LoanApplications.rdf"/>
    <uri name="https://spec.edmcouncil.org/fibo/ontology/master/2021Q2/LOAN/LoanContracts/LoanApplications/" uri="../LOAN/LoanContracts/LoanApplications.rdf"/>
    <uri name="https://spec.edmcouncil.org/fibo/ontology/LOAN/LoanContracts/LoanCore/" uri="../LOAN/LoanContracts/LoanCore.rdf"/>
    <uri name="https://spec.edmcouncil.org/fibo/ontology/master/2021Q2/LOAN/LoanContracts/LoanCore/" uri="../LOAN/LoanContracts/LoanCore.rdf"/>
    <uri name="https://spec.edmcouncil.org/fibo/ontology/LOAN/LoanContracts/LoanEvents/" uri="../LOAN/LoanContracts/LoanEvents.rdf"/>
    <uri name="https://spec.edmcouncil.org/fibo/ontology/master/2021Q2/LOAN/LoanContracts/LoanEvents/" uri="../LOAN/LoanContracts/LoanEvents.rdf"/>
    <uri name="https://spec.edmcouncil.org/fibo/ontology/LOAN/LoanContracts/LoanHMDA/" uri="../LOAN/LoanContracts/LoanHMDA.rdf"/>
    <uri name="https://spec.edmcouncil.org/fibo/ontology/master/2021Q2/LOAN/LoanContracts/LoanHMDA/" uri="../LOAN/LoanContracts/LoanHMDA.rdf"/>
    <uri name="https://spec.edmcouncil.org/fibo/ontology/LOAN/LoanContracts/MetadataLOANLoanContracts/" uri="../LOAN/LoanContracts/MetadataLOANLoanContracts.rdf"/>
    <uri name="https://spec.edmcouncil.org/fibo/ontology/master/2021Q2/LOAN/LoanContracts/MetadataLOANLoanContracts/" uri="../LOAN/LoanContracts/MetadataLOANLoanContracts.rdf"/>
    <uri name="https://spec.edmcouncil.org/fibo/ontology/LOAN/LoanTypes/CommercialLoans/" uri="../LOAN/LoanTypes/CommercialLoans.rdf"/>
    <uri name="https://spec.edmcouncil.org/fibo/ontology/master/2021Q2/LOAN/LoanTypes/CommercialLoans/" uri="../LOAN/LoanTypes/CommercialLoans.rdf"/>
    <uri name="https://spec.edmcouncil.org/fibo/ontology/LOAN/LoanTypes/ConstructionLoans/" uri="../LOAN/LoanTypes/ConstructionLoans.rdf"/>
    <uri name="https://spec.edmcouncil.org/fibo/ontology/master/2021Q2/LOAN/LoanTypes/ConstructionLoans/" uri="../LOAN/LoanTypes/ConstructionLoans.rdf"/>
    <uri name="https://spec.edmcouncil.org/fibo/ontology/LOAN/LoanTypes/CreditProducts/" uri="../LOAN/LoanTypes/CreditProducts.rdf"/>
    <uri name="https://spec.edmcouncil.org/fibo/ontology/master/2021Q2/LOAN/LoanTypes/CreditProducts/" uri="../LOAN/LoanTypes/CreditProducts.rdf"/>
    <uri name="https://spec.edmcouncil.org/fibo/ontology/LOAN/LoanTypes/GeneralLoans/" uri="../LOAN/LoanTypes/GeneralLoans.rdf"/>
    <uri name="https://spec.edmcouncil.org/fibo/ontology/master/2021Q2/LOAN/LoanTypes/GeneralLoans/" uri="../LOAN/LoanTypes/GeneralLoans.rdf"/>
    <uri name="https://spec.edmcouncil.org/fibo/ontology/LOAN/LoanTypes/LoanProducts/" uri="../LOAN/LoanTypes/LoanProducts.rdf"/>
    <uri name="https://spec.edmcouncil.org/fibo/ontology/master/2021Q2/LOAN/LoanTypes/LoanProducts/" uri="../LOAN/LoanTypes/LoanProducts.rdf"/>
    <uri name="https://spec.edmcouncil.org/fibo/ontology/LOAN/LoanTypes/MetadataLOANLoanTypes/" uri="../LOAN/LoanTypes/MetadataLOANLoanTypes.rdf"/>
    <uri name="https://spec.edmcouncil.org/fibo/ontology/master/2021Q2/LOAN/LoanTypes/MetadataLOANLoanTypes/" uri="../LOAN/LoanTypes/MetadataLOANLoanTypes.rdf"/>
    <uri name="https://spec.edmcouncil.org/fibo/ontology/LOAN/LoanTypes/MortgageLoans/" uri="../LOAN/LoanTypes/MortgageLoans.rdf"/>
    <uri name="https://spec.edmcouncil.org/fibo/ontology/master/2021Q2/LOAN/LoanTypes/MortgageLoans/" uri="../LOAN/LoanTypes/MortgageLoans.rdf"/>
    <uri name="https://spec.edmcouncil.org/fibo/ontology/LOAN/LoanTypes/PersonalLoans/" uri="../LOAN/LoanTypes/PersonalLoans.rdf"/>
    <uri name="https://spec.edmcouncil.org/fibo/ontology/master/2021Q2/LOAN/LoanTypes/PersonalLoans/" uri="../LOAN/LoanTypes/PersonalLoans.rdf"/>
    <uri name="https://spec.edmcouncil.org/fibo/ontology/LOAN/LoanTypes/StudentLoans/" uri="../LOAN/LoanTypes/StudentLoans.rdf"/>
    <uri name="https://spec.edmcouncil.org/fibo/ontology/master/2021Q2/LOAN/LoanTypes/StudentLoans/" uri="../LOAN/LoanTypes/StudentLoans.rdf"/>
    <uri name="https://spec.edmcouncil.org/fibo/ontology/LOAN/Loans/LoansRegulatory/" uri="../LOAN/Loans/LoansRegulatory.rdf"/>
    <uri name="https://spec.edmcouncil.org/fibo/ontology/master/2021Q2/LOAN/Loans/LoansRegulatory/" uri="../LOAN/Loans/LoansRegulatory.rdf"/>
    <uri name="https://spec.edmcouncil.org/fibo/ontology/LOAN/Loans/MetadataLOANLoans/" uri="../LOAN/Loans/MetadataLOANLoans.rdf"/>
    <uri name="https://spec.edmcouncil.org/fibo/ontology/master/2021Q2/LOAN/Loans/MetadataLOANLoans/" uri="../LOAN/Loans/MetadataLOANLoans.rdf"/>
    <uri name="https://spec.edmcouncil.org/fibo/ontology/LOAN/MetadataLOAN/" uri="../LOAN/MetadataLOAN.rdf"/>
    <uri name="https://spec.edmcouncil.org/fibo/ontology/master/2021Q2/LOAN/MetadataLOAN/" uri="../LOAN/MetadataLOAN.rdf"/>
    <uri name="https://spec.edmcouncil.org/fibo/ontology/MD/CIVTemporal/FundsTemporal/" uri="../MD/CIVTemporal/FundsTemporal.rdf"/>
    <uri name="https://spec.edmcouncil.org/fibo/ontology/master/2021Q2/MD/CIVTemporal/FundsTemporal/" uri="../MD/CIVTemporal/FundsTemporal.rdf"/>
    <uri name="https://spec.edmcouncil.org/fibo/ontology/MD/CIVTemporal/MetadataMDCIVTemporal/" uri="../MD/CIVTemporal/MetadataMDCIVTemporal.rdf"/>
    <uri name="https://spec.edmcouncil.org/fibo/ontology/master/2021Q2/MD/CIVTemporal/MetadataMDCIVTemporal/" uri="../MD/CIVTemporal/MetadataMDCIVTemporal.rdf"/>
    <uri name="https://spec.edmcouncil.org/fibo/ontology/MD/DebtTemporal/DebtAnalytics/" uri="../MD/DebtTemporal/DebtAnalytics.rdf"/>
    <uri name="https://spec.edmcouncil.org/fibo/ontology/master/2021Q2/MD/DebtTemporal/DebtAnalytics/" uri="../MD/DebtTemporal/DebtAnalytics.rdf"/>
    <uri name="https://spec.edmcouncil.org/fibo/ontology/MD/DebtTemporal/DebtPricingYields/" uri="../MD/DebtTemporal/DebtPricingYields.rdf"/>
    <uri name="https://spec.edmcouncil.org/fibo/ontology/master/2021Q2/MD/DebtTemporal/DebtPricingYields/" uri="../MD/DebtTemporal/DebtPricingYields.rdf"/>
    <uri name="https://spec.edmcouncil.org/fibo/ontology/MD/DebtTemporal/MetadataMDDebtTemporal/" uri="../MD/DebtTemporal/MetadataMDDebtTemporal.rdf"/>
    <uri name="https://spec.edmcouncil.org/fibo/ontology/master/2021Q2/MD/DebtTemporal/MetadataMDDebtTemporal/" uri="../MD/DebtTemporal/MetadataMDDebtTemporal.rdf"/>
    <uri name="https://spec.edmcouncil.org/fibo/ontology/MD/DerivativesTemporal/ETOptionsTemporal/" uri="../MD/DerivativesTemporal/ETOptionsTemporal.rdf"/>
    <uri name="https://spec.edmcouncil.org/fibo/ontology/master/2021Q2/MD/DerivativesTemporal/ETOptionsTemporal/" uri="../MD/DerivativesTemporal/ETOptionsTemporal.rdf"/>
    <uri name="https://spec.edmcouncil.org/fibo/ontology/MD/DerivativesTemporal/FuturesTemporal/" uri="../MD/DerivativesTemporal/FuturesTemporal.rdf"/>
    <uri name="https://spec.edmcouncil.org/fibo/ontology/master/2021Q2/MD/DerivativesTemporal/FuturesTemporal/" uri="../MD/DerivativesTemporal/FuturesTemporal.rdf"/>
    <uri name="https://spec.edmcouncil.org/fibo/ontology/MD/DerivativesTemporal/MetadataMDDerivativesTemporal/" uri="../MD/DerivativesTemporal/MetadataMDDerivativesTemporal.rdf"/>
    <uri name="https://spec.edmcouncil.org/fibo/ontology/master/2021Q2/MD/DerivativesTemporal/MetadataMDDerivativesTemporal/" uri="../MD/DerivativesTemporal/MetadataMDDerivativesTemporal.rdf"/>
    <uri name="https://spec.edmcouncil.org/fibo/ontology/MD/MetadataMD/" uri="../MD/MetadataMD.rdf"/>
    <uri name="https://spec.edmcouncil.org/fibo/ontology/master/2021Q2/MD/MetadataMD/" uri="../MD/MetadataMD.rdf"/>
    <uri name="https://spec.edmcouncil.org/fibo/ontology/MD/TemporalCore/MetadataMDTemporalCore/" uri="../MD/TemporalCore/MetadataMDTemporalCore.rdf"/>
    <uri name="https://spec.edmcouncil.org/fibo/ontology/master/2021Q2/MD/TemporalCore/MetadataMDTemporalCore/" uri="../MD/TemporalCore/MetadataMDTemporalCore.rdf"/>
    <uri name="https://spec.edmcouncil.org/fibo/ontology/MD/TemporalCore/SecurityCreditStatuses/" uri="../MD/TemporalCore/SecurityCreditStatuses.rdf"/>
    <uri name="https://spec.edmcouncil.org/fibo/ontology/master/2021Q2/MD/TemporalCore/SecurityCreditStatuses/" uri="../MD/TemporalCore/SecurityCreditStatuses.rdf"/>
    <uri name="https://spec.edmcouncil.org/fibo/ontology/MD/TemporalCore/SecurityTradingStatuses/" uri="../MD/TemporalCore/SecurityTradingStatuses.rdf"/>
    <uri name="https://spec.edmcouncil.org/fibo/ontology/master/2021Q2/MD/TemporalCore/SecurityTradingStatuses/" uri="../MD/TemporalCore/SecurityTradingStatuses.rdf"/>
    <uri name="https://spec.edmcouncil.org/fibo/ontology/MetadataFIBO/" uri="../MetadataFIBO.rdf"/>
    <uri name="https://spec.edmcouncil.org/fibo/ontology/master/2021Q2/MetadataFIBO/" uri="../MetadataFIBO.rdf"/>
    <uri name="https://spec.edmcouncil.org/fibo/ontology/SEC/AllSEC-ExampleIndividuals/" uri="../SEC/AllSEC-ExampleIndividuals.rdf"/>
    <uri name="https://spec.edmcouncil.org/fibo/ontology/master/2021Q2/SEC/AllSEC-ExampleIndividuals/" uri="../SEC/AllSEC-ExampleIndividuals.rdf"/>
    <uri name="https://spec.edmcouncil.org/fibo/ontology/SEC/AllSEC-ReferenceIndividuals/" uri="../SEC/AllSEC-ReferenceIndividuals.rdf"/>
    <uri name="https://spec.edmcouncil.org/fibo/ontology/master/2021Q2/SEC/AllSEC-ReferenceIndividuals/" uri="../SEC/AllSEC-ReferenceIndividuals.rdf"/>
    <uri name="https://spec.edmcouncil.org/fibo/ontology/SEC/AllSEC/" uri="../SEC/AllSEC.rdf"/>
    <uri name="https://spec.edmcouncil.org/fibo/ontology/master/2021Q2/SEC/AllSEC/" uri="../SEC/AllSEC.rdf"/>
    <uri name="https://spec.edmcouncil.org/fibo/ontology/SEC/Debt/AssetBackedSecurities/AssetBackedSPVs/" uri="../SEC/Debt/AssetBackedSecurities/AssetBackedSPVs.rdf"/>
    <uri name="https://spec.edmcouncil.org/fibo/ontology/master/2021Q2/SEC/Debt/AssetBackedSecurities/AssetBackedSPVs/" uri="../SEC/Debt/AssetBackedSecurities/AssetBackedSPVs.rdf"/>
    <uri name="https://spec.edmcouncil.org/fibo/ontology/SEC/Debt/AssetBackedSecurities/AssetBackedSecurities/" uri="../SEC/Debt/AssetBackedSecurities/AssetBackedSecurities.rdf"/>
    <uri name="https://spec.edmcouncil.org/fibo/ontology/master/2021Q2/SEC/Debt/AssetBackedSecurities/AssetBackedSecurities/" uri="../SEC/Debt/AssetBackedSecurities/AssetBackedSecurities.rdf"/>
    <uri name="https://spec.edmcouncil.org/fibo/ontology/SEC/Debt/AssetBackedSecurities/CBOs/" uri="../SEC/Debt/AssetBackedSecurities/CBOs.rdf"/>
    <uri name="https://spec.edmcouncil.org/fibo/ontology/master/2021Q2/SEC/Debt/AssetBackedSecurities/CBOs/" uri="../SEC/Debt/AssetBackedSecurities/CBOs.rdf"/>
    <uri name="https://spec.edmcouncil.org/fibo/ontology/SEC/Debt/AssetBackedSecurities/CDOs/" uri="../SEC/Debt/AssetBackedSecurities/CDOs.rdf"/>
    <uri name="https://spec.edmcouncil.org/fibo/ontology/master/2021Q2/SEC/Debt/AssetBackedSecurities/CDOs/" uri="../SEC/Debt/AssetBackedSecurities/CDOs.rdf"/>
    <uri name="https://spec.edmcouncil.org/fibo/ontology/SEC/Debt/AssetBackedSecurities/CLOs/" uri="../SEC/Debt/AssetBackedSecurities/CLOs.rdf"/>
    <uri name="https://spec.edmcouncil.org/fibo/ontology/master/2021Q2/SEC/Debt/AssetBackedSecurities/CLOs/" uri="../SEC/Debt/AssetBackedSecurities/CLOs.rdf"/>
    <uri name="https://spec.edmcouncil.org/fibo/ontology/SEC/Debt/AssetBackedSecurities/CMOs/" uri="../SEC/Debt/AssetBackedSecurities/CMOs.rdf"/>
    <uri name="https://spec.edmcouncil.org/fibo/ontology/master/2021Q2/SEC/Debt/AssetBackedSecurities/CMOs/" uri="../SEC/Debt/AssetBackedSecurities/CMOs.rdf"/>
    <uri name="https://spec.edmcouncil.org/fibo/ontology/SEC/Debt/AssetBackedSecurities/LoanParticipationNotes/" uri="../SEC/Debt/AssetBackedSecurities/LoanParticipationNotes.rdf"/>
    <uri name="https://spec.edmcouncil.org/fibo/ontology/master/2021Q2/SEC/Debt/AssetBackedSecurities/LoanParticipationNotes/" uri="../SEC/Debt/AssetBackedSecurities/LoanParticipationNotes.rdf"/>
    <uri name="https://spec.edmcouncil.org/fibo/ontology/SEC/Debt/AssetBackedSecurities/MetadataSECDebtAssetBackedSecurities/" uri="../SEC/Debt/AssetBackedSecurities/MetadataSECDebtAssetBackedSecurities.rdf"/>
    <uri name="https://spec.edmcouncil.org/fibo/ontology/master/2021Q2/SEC/Debt/AssetBackedSecurities/MetadataSECDebtAssetBackedSecurities/" uri="../SEC/Debt/AssetBackedSecurities/MetadataSECDebtAssetBackedSecurities.rdf"/>
    <uri name="https://spec.edmcouncil.org/fibo/ontology/SEC/Debt/AssetBackedSecurities/MortgageBackedSecurities/" uri="../SEC/Debt/AssetBackedSecurities/MortgageBackedSecurities.rdf"/>
    <uri name="https://spec.edmcouncil.org/fibo/ontology/master/2021Q2/SEC/Debt/AssetBackedSecurities/MortgageBackedSecurities/" uri="../SEC/Debt/AssetBackedSecurities/MortgageBackedSecurities.rdf"/>
    <uri name="https://spec.edmcouncil.org/fibo/ontology/SEC/Debt/AssetBackedSecurities/PoolBackedSecurities/" uri="../SEC/Debt/AssetBackedSecurities/PoolBackedSecurities.rdf"/>
    <uri name="https://spec.edmcouncil.org/fibo/ontology/master/2021Q2/SEC/Debt/AssetBackedSecurities/PoolBackedSecurities/" uri="../SEC/Debt/AssetBackedSecurities/PoolBackedSecurities.rdf"/>
    <uri name="https://spec.edmcouncil.org/fibo/ontology/SEC/Debt/AssetBackedSecurities/SyntheticCDOs/" uri="../SEC/Debt/AssetBackedSecurities/SyntheticCDOs.rdf"/>
    <uri name="https://spec.edmcouncil.org/fibo/ontology/master/2021Q2/SEC/Debt/AssetBackedSecurities/SyntheticCDOs/" uri="../SEC/Debt/AssetBackedSecurities/SyntheticCDOs.rdf"/>
    <uri name="https://spec.edmcouncil.org/fibo/ontology/SEC/Debt/Bonds/" uri="../SEC/Debt/Bonds.rdf"/>
    <uri name="https://spec.edmcouncil.org/fibo/ontology/master/2021Q2/SEC/Debt/Bonds/" uri="../SEC/Debt/Bonds.rdf"/>
    <uri name="https://spec.edmcouncil.org/fibo/ontology/SEC/Debt/DebtInstruments/" uri="../SEC/Debt/DebtInstruments.rdf"/>
    <uri name="https://spec.edmcouncil.org/fibo/ontology/master/2021Q2/SEC/Debt/DebtInstruments/" uri="../SEC/Debt/DebtInstruments.rdf"/>
    <uri name="https://spec.edmcouncil.org/fibo/ontology/SEC/Debt/ExerciseConventions/" uri="../SEC/Debt/ExerciseConventions.rdf"/>
    <uri name="https://spec.edmcouncil.org/fibo/ontology/master/2021Q2/SEC/Debt/ExerciseConventions/" uri="../SEC/Debt/ExerciseConventions.rdf"/>
    <uri name="https://spec.edmcouncil.org/fibo/ontology/SEC/Debt/MetadataSECDebt/" uri="../SEC/Debt/MetadataSECDebt.rdf"/>
    <uri name="https://spec.edmcouncil.org/fibo/ontology/master/2021Q2/SEC/Debt/MetadataSECDebt/" uri="../SEC/Debt/MetadataSECDebt.rdf"/>
    <uri name="https://spec.edmcouncil.org/fibo/ontology/SEC/Debt/TradedShortTermDebt/" uri="../SEC/Debt/TradedShortTermDebt.rdf"/>
    <uri name="https://spec.edmcouncil.org/fibo/ontology/master/2021Q2/SEC/Debt/TradedShortTermDebt/" uri="../SEC/Debt/TradedShortTermDebt.rdf"/>
    <uri name="https://spec.edmcouncil.org/fibo/ontology/SEC/Equities/DepositaryReceipts/" uri="../SEC/Equities/DepositaryReceipts.rdf"/>
    <uri name="https://spec.edmcouncil.org/fibo/ontology/master/2021Q2/SEC/Equities/DepositaryReceipts/" uri="../SEC/Equities/DepositaryReceipts.rdf"/>
    <uri name="https://spec.edmcouncil.org/fibo/ontology/SEC/Equities/EquitiesExampleIndividuals/" uri="../SEC/Equities/EquitiesExampleIndividuals.rdf"/>
    <uri name="https://spec.edmcouncil.org/fibo/ontology/master/2021Q2/SEC/Equities/EquitiesExampleIndividuals/" uri="../SEC/Equities/EquitiesExampleIndividuals.rdf"/>
    <uri name="https://spec.edmcouncil.org/fibo/ontology/SEC/Equities/EquityCFIClassificationIndividuals/" uri="../SEC/Equities/EquityCFIClassificationIndividuals.rdf"/>
    <uri name="https://spec.edmcouncil.org/fibo/ontology/master/2021Q2/SEC/Equities/EquityCFIClassificationIndividuals/" uri="../SEC/Equities/EquityCFIClassificationIndividuals.rdf"/>
    <uri name="https://spec.edmcouncil.org/fibo/ontology/SEC/Equities/EquityInstruments/" uri="../SEC/Equities/EquityInstruments.rdf"/>
    <uri name="https://spec.edmcouncil.org/fibo/ontology/master/2021Q2/SEC/Equities/EquityInstruments/" uri="../SEC/Equities/EquityInstruments.rdf"/>
    <uri name="https://spec.edmcouncil.org/fibo/ontology/SEC/Equities/MetadataSECEquities/" uri="../SEC/Equities/MetadataSECEquities.rdf"/>
    <uri name="https://spec.edmcouncil.org/fibo/ontology/master/2021Q2/SEC/Equities/MetadataSECEquities/" uri="../SEC/Equities/MetadataSECEquities.rdf"/>
    <uri name="https://spec.edmcouncil.org/fibo/ontology/SEC/Funds/CollectiveInvestmentVehicles/" uri="../SEC/Funds/CollectiveInvestmentVehicles.rdf"/>
    <uri name="https://spec.edmcouncil.org/fibo/ontology/master/2021Q2/SEC/Funds/CollectiveInvestmentVehicles/" uri="../SEC/Funds/CollectiveInvestmentVehicles.rdf"/>
    <uri name="https://spec.edmcouncil.org/fibo/ontology/SEC/Funds/Funds/" uri="../SEC/Funds/Funds.rdf"/>
    <uri name="https://spec.edmcouncil.org/fibo/ontology/master/2021Q2/SEC/Funds/Funds/" uri="../SEC/Funds/Funds.rdf"/>
    <uri name="https://spec.edmcouncil.org/fibo/ontology/SEC/Funds/MetadataSECFunds/" uri="../SEC/Funds/MetadataSECFunds.rdf"/>
    <uri name="https://spec.edmcouncil.org/fibo/ontology/master/2021Q2/SEC/Funds/MetadataSECFunds/" uri="../SEC/Funds/MetadataSECFunds.rdf"/>
    <uri name="https://spec.edmcouncil.org/fibo/ontology/SEC/MetadataSEC/" uri="../SEC/MetadataSEC.rdf"/>
    <uri name="https://spec.edmcouncil.org/fibo/ontology/master/2021Q2/SEC/MetadataSEC/" uri="../SEC/MetadataSEC.rdf"/>
    <uri name="https://spec.edmcouncil.org/fibo/ontology/SEC/Securities/Baskets/" uri="../SEC/Securities/Baskets.rdf"/>
    <uri name="https://spec.edmcouncil.org/fibo/ontology/master/2021Q2/SEC/Securities/Baskets/" uri="../SEC/Securities/Baskets.rdf"/>
    <uri name="https://spec.edmcouncil.org/fibo/ontology/SEC/Securities/MetadataSECSecurities/" uri="../SEC/Securities/MetadataSECSecurities.rdf"/>
    <uri name="https://spec.edmcouncil.org/fibo/ontology/master/2021Q2/SEC/Securities/MetadataSECSecurities/" uri="../SEC/Securities/MetadataSECSecurities.rdf"/>
    <uri name="https://spec.edmcouncil.org/fibo/ontology/SEC/Securities/ParametricSchedules/" uri="../SEC/Securities/ParametricSchedules.rdf"/>
    <uri name="https://spec.edmcouncil.org/fibo/ontology/master/2021Q2/SEC/Securities/ParametricSchedules/" uri="../SEC/Securities/ParametricSchedules.rdf"/>
    <uri name="https://spec.edmcouncil.org/fibo/ontology/SEC/Securities/Pools/" uri="../SEC/Securities/Pools.rdf"/>
    <uri name="https://spec.edmcouncil.org/fibo/ontology/master/2021Q2/SEC/Securities/Pools/" uri="../SEC/Securities/Pools.rdf"/>
    <uri name="https://spec.edmcouncil.org/fibo/ontology/SEC/Securities/SecuritiesClassification/" uri="../SEC/Securities/SecuritiesClassification.rdf"/>
    <uri name="https://spec.edmcouncil.org/fibo/ontology/master/2021Q2/SEC/Securities/SecuritiesClassification/" uri="../SEC/Securities/SecuritiesClassification.rdf"/>
    <uri name="https://spec.edmcouncil.org/fibo/ontology/SEC/Securities/SecuritiesIdentification/" uri="../SEC/Securities/SecuritiesIdentification.rdf"/>
    <uri name="https://spec.edmcouncil.org/fibo/ontology/master/2021Q2/SEC/Securities/SecuritiesIdentification/" uri="../SEC/Securities/SecuritiesIdentification.rdf"/>
    <uri name="https://spec.edmcouncil.org/fibo/ontology/SEC/Securities/SecuritiesIdentificationIndividuals/" uri="../SEC/Securities/SecuritiesIdentificationIndividuals.rdf"/>
    <uri name="https://spec.edmcouncil.org/fibo/ontology/master/2021Q2/SEC/Securities/SecuritiesIdentificationIndividuals/" uri="../SEC/Securities/SecuritiesIdentificationIndividuals.rdf"/>
    <uri name="https://spec.edmcouncil.org/fibo/ontology/SEC/Securities/SecuritiesIssuance/" uri="../SEC/Securities/SecuritiesIssuance.rdf"/>
    <uri name="https://spec.edmcouncil.org/fibo/ontology/master/2021Q2/SEC/Securities/SecuritiesIssuance/" uri="../SEC/Securities/SecuritiesIssuance.rdf"/>
    <uri name="https://spec.edmcouncil.org/fibo/ontology/SEC/Securities/SecuritiesListings/" uri="../SEC/Securities/SecuritiesListings.rdf"/>
    <uri name="https://spec.edmcouncil.org/fibo/ontology/master/2021Q2/SEC/Securities/SecuritiesListings/" uri="../SEC/Securities/SecuritiesListings.rdf"/>
    <uri name="https://spec.edmcouncil.org/fibo/ontology/SEC/Securities/SecuritiesRestrictions/" uri="../SEC/Securities/SecuritiesRestrictions.rdf"/>
    <uri name="https://spec.edmcouncil.org/fibo/ontology/master/2021Q2/SEC/Securities/SecuritiesRestrictions/" uri="../SEC/Securities/SecuritiesRestrictions.rdf"/>
    <uri name="https://spec.edmcouncil.org/fibo/ontology/SEC/Securities/SecurityAssets/" uri="../SEC/Securities/SecurityAssets.rdf"/>
    <uri name="https://spec.edmcouncil.org/fibo/ontology/master/2021Q2/SEC/Securities/SecurityAssets/" uri="../SEC/Securities/SecurityAssets.rdf"/>
    <uri name="http://www.omg.org/techprocess/ab/SpecificationMetadata/" uri="../etc/imports/SpecificationMetadata.rdf"/>
    <uri name="http://www.w3.org/2004/02/skos/core" uri="../etc/imports/skos.rdf"/>
</catalog>
